GEOID,NAME,total_hhsE,total_hhsM,no_vehE,no_vehM,hh_1personE,hh_1personM,hh_2personE,hh_2personM,hh_3personE,hh_3personM,hh_4person_plusE,hh_4person_plusM,inc_lt_10kE,inc_lt_10kM,inc_btw_10k_15kE,inc_btw_10k_15kM,inc_btw_15k_20kE,inc_btw_15k_20kM,inc_btw_20k_25kE,inc_btw_20k_25kM,inc_btw_25k_30kE,inc_btw_25k_30kM,inc_btw_30k_35kE,inc_btw_30k_35kM,inc_btw_35k_40kE,inc_btw_35k_40kM,inc_btw_40k_45kE,inc_btw_40k_45kM,inc_btw_45k_50kE,inc_btw_45k_50kM,inc_btw_50k_60kE,inc_btw_50k_60kM,inc_btw_60k_75kE,inc_btw_60k_75kM,inc_btw_75k_100kE,inc_btw_75k_100kM,inc_btw_100k_125kE,inc_btw_100k_125kM,inc_btw_125k_150kE,inc_btw_125k_150kM,inc_btw_150k_200kE,inc_btw_150k_200kM,inc_gt_200kE,inc_gt_200kM,avg_hh_size,tract_area,inc_quint_1,inc_quint_2,inc_quint_3,inc_quint_4,inc_quint_5,total_emp,basic_emp,retail_emp,service_emp
51041100206,"Census Tract 1002.06, Chesterfield County, Virginia",2262,148,88,75,441,120,883,171,324,119,614,115,99,79,56,49,41,39,124,97,113,76,77,103,35,46,75,61,44,44,120,70,304,123,554,190,185,104,156,89,251,137,28,33,2.491158267020336,3.22388169680688,433,351,858,341,279,890,161,218,511
51087200201,"Census Tract 2002.01, Henrico County, Virginia",1088,55,10,16,245,71,501,92,136,51,206,52,43,47,0,12,0,12,8,14,15,17,9,13,49,51,8,14,22,21,61,38,131,50,188,64,188,59,63,43,163,71,140,56,2.2784926470588234,0.969498418452656,66,149,319,251,303,607,79,154,374
51085320100,"Census Tract 3201, Hanover County, Virginia",2240,145,56,73,466,128,903,145,331,114,540,101,30,34,116,76,63,77,42,39,59,47,31,35,117,66,80,59,96,56,140,92,304,161,356,122,238,107,156,107,226,114,186,79,2.421875,127.893441630425,310,464,660,394,412,2766,1020,148,1598
51760010401,"Census Tract 104.01, Richmond city, Virginia",1399,158,311,142,769,182,349,110,179,61,102,36,234,116,34,27,98,72,57,40,38,50,12,18,70,76,53,60,34,27,137,73,64,55,112,46,149,54,89,51,126,54,92,56,1.7240886347390993,0.532891511983745,461,306,176,238,218,288,40,33,215
51760061000,"Census Tract 610, Richmond city, Virginia",2932,183,415,172,1499,173,1116,215,165,93,152,103,274,141,102,71,113,87,147,85,146,89,287,145,195,115,202,136,168,132,347,153,212,107,397,159,190,114,34,40,39,45,79,53,1.6487039563437926,1.55606880580577,782,1199,609,224,118,5492,606,127,4759
51087200121,"Census Tract 2001.21, Henrico County, Virginia",2715,55,38,41,675,149,784,142,569,153,687,142,18,29,61,95,12,22,13,22,16,27,35,38,50,36,137,98,37,44,42,40,210,112,456,151,498,137,319,122,317,127,494,164,2.467034990791897,1.65560922912854,120,301,666,817,811,3310,969,613,1728
51087200104,"Census Tract 2001.04, Henrico County, Virginia",2302,120,164,75,778,136,723,151,321,113,480,104,130,96,78,47,99,60,42,42,31,35,20,30,160,125,150,92,187,98,276,119,202,107,230,87,225,135,142,87,248,106,82,55,2.218505647263249,1.79032576484901,380,793,432,367,330,7778,322,9,7447
51053840100,"Census Tract 8401, Dinwiddie County, Virginia",2228,148,72,47,703,183,714,140,301,115,510,128,167,99,155,105,141,77,78,49,53,46,101,90,74,43,159,98,62,48,141,70,339,103,223,90,359,128,51,38,56,58,69,65,2.27737881508079,235.51251444591,594,537,562,410,125,247,139,29,79
51760021000,"Census Tract 210, Richmond city, Virginia",752,42,187,63,251,67,274,67,105,48,122,54,144,58,106,50,51,41,38,33,36,32,64,37,11,12,28,20,40,32,67,35,81,38,56,28,22,18,4,6,4,6,0,12,2.13031914893617,0.314437549187009,375,210,137,26,4,114,7,44,63
51760030500,"Census Tract 305, Richmond city, Virginia",2707,229,681,163,2025,258,576,137,73,50,33,34,675,199,167,116,69,47,195,123,120,105,37,42,217,123,87,57,32,29,301,125,292,151,247,126,53,48,45,42,74,50,96,68,1.3032877724418175,0.929691171515739,1226,674,539,98,170,35533,3279,307,31947
51049930100,"Census Tract 9301, Cumberland County, Virginia",2429,195,146,110,773,202,872,194,479,200,305,125,234,143,145,99,70,55,126,82,72,68,269,135,132,102,83,63,173,107,193,96,260,132,243,99,222,112,84,56,68,68,55,50,2.130094689172499,219.437653094124,647,850,503,306,123,825,201,103,521
51041101009,"Census Tract 1010.09, Chesterfield County, Virginia",2165,107,47,37,223,78,445,98,483,107,1014,130,23,25,32,30,73,69,36,26,9,15,34,41,0,17,33,30,52,36,99,69,165,78,377,129,364,90,228,83,372,118,268,98,3.0568129330254044,6.13741443992231,173,218,542,592,640,1231,76,535,620
51057950600,"Census Tract 9506, Essex County, Virginia",1550,148,54,35,463,134,592,120,287,132,208,91,100,69,88,68,90,52,141,85,37,32,53,46,64,69,110,80,23,28,290,150,77,41,232,101,121,70,44,42,37,37,43,37,2.1548387096774193,167.832296165764,456,540,309,165,80,290,124,8,158
51670820100,"Census Tract 8201, Hopewell city, Virginia",604,89,74,36,219,80,229,87,94,56,62,35,44,32,118,67,53,37,0,12,18,27,13,12,42,34,51,72,20,18,72,50,58,30,49,32,0,12,26,19,36,22,4,6,1.9983443708609272,0.629724340139079,233,198,107,26,40,116,55,13,48
51760071002,"Census Tract 710.02, Richmond city, Virginia",1579,106,219,106,678,154,465,120,208,98,228,87,166,98,146,100,96,73,120,80,72,71,86,80,28,30,62,56,83,71,142,62,143,81,290,117,76,47,32,33,37,35,0,12,1.9911336288790373,0.87954086261386,600,401,433,108,37,725,381,169,175
51760060900,"Census Tract 609, Richmond city, Virginia",429,56,80,44,154,63,70,36,75,41,130,48,69,41,31,28,47,24,79,52,27,20,35,29,4,8,5,8,14,17,26,31,25,22,22,23,5,7,15,16,16,26,9,14,2.421911421911422,1.19084255702487,253,84,47,20,25,1708,997,104,607
51760030200,"Census Tract 302, Richmond city, Virginia",1070,96,306,91,636,112,294,85,78,54,62,33,173,104,170,82,118,64,0,12,62,30,100,78,20,21,2,4,76,48,46,30,147,69,89,51,3,6,33,30,26,24,5,8,1.594392523364486,0.498555590169153,523,244,236,36,31,28671,979,59,27633
51033030202,"Census Tract 302.02, Caroline County, Virginia",722,72,5,7,172,48,361,68,55,30,134,45,43,33,38,28,59,42,37,33,41,23,3,5,14,14,52,28,42,24,24,20,53,26,141,46,50,26,51,36,39,24,35,29,2.209141274238227,91.16710186814,218,135,194,101,74,91,59,0,32
51760070802,"Census Tract 708.02, Richmond city, Virginia",965,89,33,27,382,102,287,96,64,53,232,66,78,58,27,29,88,68,8,14,100,69,24,31,93,68,82,59,56,37,79,64,43,38,106,57,62,50,33,30,80,57,6,24,2.1512953367875647,1.17114168661502,301,334,149,95,86,198,37,55,106
51760010800,"Census Tract 108, Richmond city, Virginia",1743,117,419,136,836,176,467,120,276,116,164,87,340,147,204,123,116,72,104,78,106,72,99,68,49,33,63,43,31,28,134,65,266,104,43,39,78,42,42,37,68,49,0,12,1.8668961560527826,0.570207594046416,870,376,309,120,68,64,8,8,48
51041100817,"Census Tract 1008.17, Chesterfield County, Virginia",1227,78,44,33,291,82,489,118,183,99,264,88,64,53,45,38,20,28,93,54,88,53,91,62,44,56,50,34,45,42,196,111,67,43,255,71,115,63,24,26,30,29,0,12,2.3422982885085575,1.99448709269988,310,426,322,139,30,14775,401,58,14316
51033030201,"Census Tract 302.01, Caroline County, Virginia",1123,98,24,28,222,62,431,95,183,76,287,67,65,34,12,13,16,18,36,30,35,33,38,33,25,18,32,26,52,50,129,62,127,64,172,58,201,74,53,30,86,55,44,35,2.4764024933214603,46.9591232455426,164,276,299,254,130,534,401,52,81
51760010500,"Census Tract 105, Richmond city, Virginia",699,58,109,57,299,66,271,60,68,38,61,27,36,24,40,32,60,46,38,31,91,64,46,45,24,18,29,21,27,22,26,17,49,37,92,39,59,24,24,24,25,21,33,20,1.844062947067239,0.303252130655404,265,152,141,83,58,14,5,0,9
51730810700,"Census Tract 8107, Petersburg city, Virginia",912,119,381,118,448,114,147,64,97,58,220,100,164,90,136,65,112,72,26,23,81,66,15,23,9,15,21,23,77,60,119,76,0,12,116,70,15,18,7,12,0,12,14,16,2.0975877192982457,0.533910881659506,519,241,116,22,14,325,17,19,289
51041100210,"Census Tract 1002.10, Chesterfield County, Virginia",695,66,7,11,157,48,291,79,65,45,182,53,14,16,7,11,0,12,33,27,80,51,6,9,54,40,6,9,96,67,34,26,97,49,162,59,59,47,11,13,36,35,0,12,2.39136690647482,1.30731630211023,134,196,259,70,36,1633,193,347,1093
51041100209,"Census Tract 1002.09, Chesterfield County, Virginia",2527,62,47,48,700,165,899,189,480,149,448,143,73,67,20,24,83,87,50,44,115,110,120,91,79,84,168,120,96,72,191,100,367,166,429,131,328,120,159,110,152,103,97,69,2.267510882469331,2.9922223662519,341,654,796,487,249,1881,108,399,1374
51730810400,"Census Tract 8104, Petersburg city, Virginia",683,87,139,55,393,99,161,59,67,58,62,31,149,87,87,54,8,11,61,50,97,55,53,34,91,54,13,17,37,28,32,26,26,32,27,23,0,12,0,12,0,12,2,6,1.7042459736456808,0.4086556764231,402,226,53,0,2,258,99,13,146
51175200100,"Census Tract 2001, Southampton County, Virginia",1581,139,93,63,461,107,486,104,252,80,382,108,187,81,60,42,58,32,43,34,70,38,91,79,56,34,34,27,48,34,82,50,234,89,240,109,196,67,129,74,52,38,1,3,2.351043643263757,178.03903782843,418,311,474,325,53,249,138,27,84
51041100807,"Census Tract 1008.07, Chesterfield County, Virginia",704,59,17,15,235,67,197,56,114,49,158,50,6,10,24,19,6,9,6,10,41,34,35,23,17,16,44,43,39,27,99,46,100,45,141,53,75,44,21,19,36,32,14,23,2.2769886363636362,1.33945752303667,83,234,241,96,50,141,28,38,75
51760040700,"Census Tract 407, Richmond city, Virginia",1257,98,97,60,568,111,527,94,88,64,74,26,21,24,19,17,35,22,45,32,34,26,56,38,42,23,73,44,74,62,141,67,77,46,169,62,140,64,132,64,65,41,134,51,1.73587907716786,0.261594743536531,154,386,246,272,199,904,223,8,673
51097950400,"Census Tract 9504, King and Queen County, Virginia",1612,130,39,34,527,110,524,118,254,94,307,91,88,53,94,58,77,62,32,35,111,75,52,41,79,51,99,75,72,70,74,51,170,84,241,84,103,64,165,114,81,59,74,58,2.2115384615384617,214.814116444437,402,376,411,268,155,730,313,47,370
51101950101,"Census Tract 9501.01, King William County, Virginia",1591,115,19,24,357,110,544,110,215,93,475,92,80,54,11,19,59,53,51,37,111,78,62,40,112,66,151,91,51,37,80,64,155,72,327,111,176,76,70,39,68,48,27,31,2.5078566939032054,93.5243503909262,312,456,482,246,95,1130,195,79,856
51087200411,"Census Tract 2004.11, Henrico County, Virginia",2384,145,21,24,914,213,728,186,616,171,126,83,55,43,24,37,150,130,60,43,78,63,157,101,77,53,305,150,95,61,290,106,383,182,201,102,347,139,39,39,102,94,21,30,1.9807046979865772,0.95912690303486,367,924,584,386,123,427,30,83,314
51087200123,"Census Tract 2001.23, Henrico County, Virginia",1319,95,34,24,341,93,395,90,198,93,385,107,56,52,44,36,36,26,74,59,102,77,27,25,7,12,71,51,58,38,95,57,146,61,282,110,132,64,67,51,90,51,32,35,2.475360121304018,0.652108605975152,312,258,428,199,122,212,57,62,93
51041100205,"Census Tract 1002.05, Chesterfield County, Virginia",2950,113,76,99,740,210,1027,255,514,183,669,201,90,90,18,29,188,124,97,65,249,144,348,187,308,164,216,152,191,133,279,139,143,72,326,134,424,170,52,39,21,29,0,17,2.3769491525423727,1.54686455276512,642,1342,469,476,21,385,157,37,191
51041100930,"Census Tract 1009.30, Chesterfield County, Virginia",1146,56,0,12,87,46,439,69,234,58,386,66,4,9,0,12,0,12,7,13,0,12,7,11,0,12,26,22,23,28,50,31,105,45,203,74,271,77,93,49,213,69,144,57,2.8019197207678883,1.39726860947666,11,106,308,364,357,864,50,108,706
51101950200,"Census Tract 9502, King William County, Virginia",980,105,69,66,212,71,390,87,166,61,212,44,36,22,26,21,46,31,52,39,79,61,64,32,59,51,8,9,12,12,92,48,143,52,182,53,111,44,10,12,46,30,14,14,2.3857142857142857,107.327762428623,239,235,325,121,60,306,71,1,234
51760040500,"Census Tract 405, Richmond city, Virginia",1729,131,317,114,813,140,668,135,205,72,43,34,96,56,96,54,98,65,101,78,83,49,66,44,35,38,27,28,72,46,191,68,169,77,238,78,73,51,37,28,130,49,217,67,1.6980913823019086,0.235557954514124,474,391,407,110,347,976,87,54,835
51041100804,"Census Tract 1008.04, Chesterfield County, Virginia",1803,74,55,47,495,114,624,130,241,119,443,126,59,33,43,50,126,78,84,53,16,17,109,65,99,57,34,26,100,77,105,61,169,73,319,119,232,101,101,66,86,42,121,71,2.3505268996117583,2.10425242531391,328,447,488,333,207,556,63,107,386
51087200106,"Census Tract 2001.06, Henrico County, Virginia",1846,87,221,77,568,96,544,104,293,93,441,96,166,77,73,45,93,55,97,51,72,37,33,30,168,67,49,33,27,28,139,76,228,90,307,91,138,67,169,64,52,47,35,31,2.328819068255688,1.11389920493296,501,416,535,307,87,1349,68,490,791
51760041000,"Census Tract 410, Richmond city, Virginia",1211,92,71,51,527,87,479,90,107,43,98,37,30,35,0,12,22,21,17,18,41,35,49,44,22,21,39,42,64,39,42,23,93,43,95,49,152,51,78,41,165,60,302,87,1.8150289017341041,0.187414955099205,110,216,188,230,467,378,11,12,355
51087200122,"Census Tract 2001.22, Henrico County, Virginia",1643,31,0,12,320,72,452,81,337,99,534,85,8,13,0,12,66,53,0,12,33,29,24,21,39,27,36,30,0,12,40,31,107,52,282,94,160,69,194,68,345,86,309,81,2.660377358490566,1.34401325158739,107,139,389,354,654,715,12,198,505
51041100922,"Census Tract 1009.22, Chesterfield County, Virginia",1802,102,51,50,420,124,648,109,367,123,367,87,80,65,82,61,64,65,32,29,56,68,69,43,102,66,45,36,144,65,125,55,194,86,293,89,264,95,135,73,77,40,40,36,2.3779134295227524,2.53351611474798,314,485,487,399,117,9373,2722,1320,5331
51730810600,"Census Tract 8106, Petersburg city, Virginia",764,67,223,70,417,81,148,59,68,37,131,46,139,54,64,35,161,60,30,32,114,55,42,31,27,22,25,20,16,19,20,15,36,27,40,28,7,9,24,22,11,12,8,12,1.8861256544502618,0.483069213990316,508,130,76,31,19,147,0,30,117
51183870202,"Census Tract 8702.02, Sussex County, Virginia",0,12,0,12,0,12,0,12,0,12,0,12,0,12,0,12,0,12,0,12,0,12,0,12,0,12,0,12,0,12,0,12,0,12,0,12,0,12,0,12,0,12,0,12,NA,0.589046688239186,0,0,0,0,0,NA,NA,NA,NA
51670820500,"Census Tract 8205, Hopewell city, Virginia",1655,183,76,68,422,162,678,143,265,102,290,102,73,65,133,96,106,69,66,60,168,128,105,70,93,77,0,12,87,65,133,75,153,93,227,101,109,78,131,81,71,62,0,12,2.2555891238670696,1.19693613402383,546,418,380,240,71,149,16,41,92
51087200125,"Census Tract 2001.25, Henrico County, Virginia",1702,125,59,42,682,129,433,113,368,101,219,72,82,37,58,38,127,79,58,42,58,40,55,45,28,27,103,54,94,63,178,93,211,85,340,98,164,74,62,42,61,48,23,26,2.072855464159812,0.37607177357473,383,458,551,226,84,124,6,5,113
51760030100,"Census Tract 301, Richmond city, Virginia",1078,101,796,110,564,97,240,98,117,63,157,52,502,111,184,86,128,71,104,73,71,50,16,18,8,13,13,23,7,13,16,26,0,12,29,34,0,12,0,12,0,12,0,12,1.8766233766233766,0.259212362091692,989,60,29,0,0,267,0,11,256
51085321202,"Census Tract 3212.02, Hanover County, Virginia",1600,101,120,58,460,115,495,104,327,125,318,75,98,64,112,58,87,64,57,44,33,23,84,48,37,34,33,30,56,34,114,95,177,64,257,82,155,81,111,68,93,48,96,87,2.314375,3.4576319985561,387,324,434,266,189,415,90,78,247
51087200906,"Census Tract 2009.06, Henrico County, Virginia",1727,79,18,16,394,98,645,118,350,103,338,79,47,49,52,29,9,15,25,22,20,17,112,77,110,65,8,12,58,40,81,46,196,75,472,126,243,84,101,46,124,64,69,40,2.365952518818761,2.28194912525211,153,369,668,344,193,200,52,24,124
51175200200,"Census Tract 2002, Southampton County, Virginia",981,106,47,32,241,80,300,89,162,85,278,89,16,17,15,15,105,65,83,59,94,48,24,22,69,40,22,31,38,30,56,32,74,51,110,53,132,84,43,41,59,40,41,34,2.4862385321100917,166.07255762816,313,209,184,175,100,188,112,21,55
51087200409,"Census Tract 2004.09, Henrico County, Virginia",714,64,5,9,106,42,238,76,177,71,193,50,32,31,19,18,30,33,11,18,24,22,61,53,47,45,28,33,19,19,62,41,111,50,52,27,63,48,58,33,84,58,13,21,2.6400560224089635,0.845555584261056,116,217,163,121,97,5876,574,306,4996
51570830500,"Census Tract 8305, Colonial Heights city, Virginia",1621,112,66,57,617,120,401,101,259,77,344,93,142,67,68,44,145,81,48,34,71,45,97,48,77,51,56,38,111,60,95,49,263,89,149,65,141,62,112,69,46,44,0,12,2.2035780382479953,1.03653557066727,474,436,412,253,46,1024,138,90,796
51087200802,"Census Tract 2008.02, Henrico County, Virginia",834,59,25,18,290,71,302,68,105,41,137,55,3,6,52,25,14,14,59,30,27,19,47,37,45,36,74,45,49,32,69,33,97,40,107,42,133,49,15,13,29,26,14,13,2.106714628297362,1.39147632204131,155,284,204,148,43,1017,44,471,502
51053840400,"Census Tract 8404, Dinwiddie County, Virginia",192,37,4,7,70,28,94,30,11,11,17,17,0,12,21,16,10,10,11,12,12,12,14,13,0,12,19,22,4,6,18,13,19,12,34,19,10,11,12,15,8,10,0,12,1.8697916666666667,2.07446299121792,54,55,53,22,8,181,90,24,67
51087200413,"Census Tract 2004.13, Henrico County, Virginia",1988,67,9,13,358,78,994,96,246,79,390,80,0,17,0,17,18,20,57,38,27,27,28,28,17,19,44,29,63,39,184,83,239,79,359,100,291,85,166,59,302,69,193,68,2.3360160965794767,1.64254427209641,102,336,598,457,495,454,27,147,280
51041100934,"Census Tract 1009.34, Chesterfield County, Virginia",2543,122,124,94,573,153,709,180,641,174,620,172,82,63,33,38,70,53,96,64,85,56,70,52,73,58,178,105,114,79,302,137,349,150,409,196,358,136,86,54,131,90,107,68,2.5143531262288636,2.67229685683579,366,737,758,444,238,1759,209,410,1140
51760020700,"Census Tract 207, Richmond city, Virginia",737,52,254,72,468,74,143,57,111,46,15,16,139,57,85,50,34,30,55,40,17,16,42,31,0,12,7,11,45,42,95,50,68,37,46,29,28,19,32,22,28,25,16,17,1.5563093622795114,0.193474733875018,330,189,114,60,44,157,0,12,145
51760050600,"Census Tract 506, Richmond city, Virginia",1001,51,0,12,201,45,431,56,158,47,211,36,0,12,21,25,22,27,18,22,12,13,17,17,23,29,12,13,20,17,9,9,41,28,39,27,44,23,40,25,84,43,599,63,2.3786213786213786,2.41801754250975,73,81,80,84,683,232,28,27,177
51760041200,"Census Tract 412, Richmond city, Virginia",476,41,19,15,162,50,174,54,100,41,40,20,13,17,41,32,22,17,28,20,31,25,41,34,18,21,37,26,10,10,21,18,53,28,80,41,12,18,12,9,32,28,25,16,2.03781512605042,0.126454588859712,135,127,133,24,57,64,12,2,50
51041100107,"Census Tract 1001.07, Chesterfield County, Virginia",1028,67,71,42,395,72,257,72,183,64,193,57,57,38,22,16,61,32,92,46,54,30,57,30,71,54,88,39,20,20,134,54,143,56,121,53,70,41,15,18,15,18,8,12,2.169260700389105,1.2027887025689,286,370,264,85,23,6264,662,230,5372
51183870201,"Census Tract 8702.01, Sussex County, Virginia",853,101,64,52,259,66,394,86,95,51,105,39,85,55,60,45,10,16,33,43,36,28,18,18,19,31,35,28,104,51,47,41,121,81,131,67,100,56,17,25,20,25,17,18,2.0539273153575617,251.131694521573,224,223,252,117,37,982,52,9,921
51041100924,"Census Tract 1009.24, Chesterfield County, Virginia",1850,81,53,31,311,86,637,103,332,78,570,80,38,29,58,55,17,18,0,17,38,35,41,52,14,22,30,28,37,29,47,33,252,90,208,91,196,75,149,72,210,59,515,96,2.6275675675675676,4.90238371710333,151,169,460,345,725,3385,878,323,2184
51760020100,"Census Tract 201, Richmond city, Virginia",647,67,385,88,242,81,115,67,118,76,172,79,274,87,33,34,40,31,102,73,38,29,45,39,7,10,23,31,5,9,16,16,45,45,11,17,0,12,8,9,0,12,0,12,2.340030911901082,0.323032905209044,487,96,56,8,0,49,0,41,8
51127700300,"Census Tract 7003, New Kent County, Virginia",3438,164,77,62,642,199,1463,173,408,138,925,192,88,73,46,44,78,56,139,102,199,135,45,42,120,65,7,10,128,108,323,107,192,88,534,158,307,116,592,169,356,121,284,125,2.470040721349622,125.65814045746,550,623,726,899,640,2836,804,264,1768
51183870100,"Census Tract 8701, Sussex County, Virginia",1126,139,121,85,246,84,524,105,260,103,96,51,118,63,103,60,29,23,36,27,79,57,44,48,73,54,61,43,64,39,43,28,131,82,103,48,172,77,10,16,47,31,13,19,2.1829484902309058,165.051323307192,365,285,234,182,60,575,123,110,342
51670820700,"Census Tract 8207, Hopewell city, Virginia",991,107,68,45,353,85,207,70,95,47,336,90,78,45,119,68,27,23,103,61,63,44,85,45,108,52,60,46,92,62,42,31,84,60,84,41,11,13,9,16,26,26,0,12,2.4177598385469223,0.759494705540077,390,387,168,20,26,490,413,0,77
51087200301,"Census Tract 2003.01, Henrico County, Virginia",660,44,65,32,241,55,259,61,81,29,79,28,17,17,48,41,37,20,11,12,8,9,23,24,21,22,8,9,3,6,20,14,44,26,135,48,38,22,92,40,64,31,91,35,1.996969696969697,0.503039545522466,121,75,179,130,155,5690,98,1100,4492
51041100409,"Census Tract 1004.09, Chesterfield County, Virginia",2416,115,64,67,518,155,833,169,320,116,745,137,28,43,41,42,11,19,56,48,74,64,137,111,122,74,85,61,146,80,136,76,313,116,321,118,303,113,231,116,370,155,42,47,2.5347682119205297,4.14581260364122,210,626,634,534,412,2361,116,714,1531
51570830200,"Census Tract 8302, Colonial Heights city, Virginia",1568,137,273,129,696,170,435,139,203,72,234,73,208,134,86,59,71,42,85,48,89,78,243,121,21,38,117,58,29,29,143,73,119,59,196,70,104,57,18,21,0,12,39,39,1.9840561224489797,1.26058264185745,539,553,315,122,39,1718,52,361,1305
51760021200,"Census Tract 212, Richmond city, Virginia",671,53,107,56,297,76,179,49,122,65,73,60,73,52,66,49,74,53,25,21,107,68,56,48,22,19,20,18,21,18,52,44,25,17,85,39,19,14,14,15,12,12,0,12,1.9567809239940388,0.359172760154774,345,171,110,33,12,212,138,17,57
51041100410,"Census Tract 1004.10, Chesterfield County, Virginia",1069,73,154,74,527,102,361,95,27,27,154,46,120,68,94,59,76,51,59,48,93,58,70,58,28,30,0,12,100,60,157,91,68,51,144,81,0,12,38,40,22,24,0,12,1.8203928905519178,0.769516825952655,442,355,212,38,22,506,66,53,387
51041101012,"Census Tract 1010.12, Chesterfield County, Virginia",2253,139,38,60,463,138,1046,193,356,121,388,97,21,32,72,50,87,53,15,24,34,38,45,43,27,33,161,104,165,88,88,59,266,115,263,120,528,179,229,95,185,99,67,54,2.29693741677763,2.39628117131814,229,486,529,757,252,3050,192,1093,1765
51760040400,"Census Tract 404, Richmond city, Virginia",1663,148,411,107,672,152,734,141,116,64,141,91,205,79,193,98,228,105,71,53,52,41,67,49,62,47,15,24,47,68,48,45,26,27,71,44,117,68,127,106,58,56,276,118,1.8352375225496091,0.18300223011239,749,239,97,244,334,464,27,63,374
51760040900,"Census Tract 409, Richmond city, Virginia",1333,75,72,57,690,117,440,106,81,45,122,40,54,58,35,49,13,17,18,19,88,65,49,39,91,56,67,36,113,78,94,40,159,71,155,64,99,62,98,59,122,46,78,43,1.7261815453863465,0.260961200060736,208,414,314,197,200,2117,56,401,1660
51760050500,"Census Tract 505, Richmond city, Virginia",1155,101,21,22,315,86,498,87,147,61,195,48,11,17,39,54,11,17,18,20,30,27,14,16,32,30,42,50,21,22,25,22,89,52,169,75,46,32,125,63,146,55,337,65,2.192207792207792,1.66725423691019,109,134,258,171,483,1868,51,479,1338
51041100106,"Census Tract 1001.06, Chesterfield County, Virginia",1120,55,0,12,205,64,422,80,228,76,265,67,0,12,17,20,12,14,53,41,25,25,36,29,51,33,8,13,27,22,51,29,87,49,147,70,203,96,126,70,167,82,110,64,2.49375,2.17386715988729,107,173,234,329,277,66,22,2,42
51087200404,"Census Tract 2004.04, Henrico County, Virginia",1219,100,18,21,425,106,452,114,224,105,118,55,68,44,63,43,56,39,37,28,37,30,95,67,36,35,87,59,64,37,86,63,143,65,125,74,110,58,108,55,95,60,9,15,2.0287120590648073,0.840824395290428,261,368,268,218,104,2710,179,65,2466
51101950102,"Census Tract 9501.02, King William County, Virginia",2240,152,37,41,461,147,716,161,417,129,646,129,18,29,16,28,87,65,24,30,54,52,124,98,148,103,124,87,106,63,204,130,297,129,362,139,270,114,161,93,86,55,159,88,2.557142857142857,75.6811566108512,199,706,659,431,245,592,198,172,222
51760060200,"Census Tract 602, Richmond city, Virginia",819,70,210,63,251,66,279,77,115,48,174,59,68,41,48,31,77,37,102,58,44,33,62,47,46,31,46,30,63,39,64,44,70,37,53,43,49,34,15,18,6,9,6,12,2.258852258852259,0.597714649151225,339,281,123,64,12,534,298,17,219
51760010402,"Census Tract 104.02, Richmond city, Virginia",1416,142,371,128,617,127,541,123,88,43,170,37,119,85,104,66,102,77,107,65,30,27,43,52,44,33,55,51,61,44,20,22,106,51,122,56,120,74,97,45,144,75,142,64,1.8665254237288136,0.850540153025613,462,223,228,217,286,583,24,2,557
51760041400,"Census Tract 414, Richmond city, Virginia",950,65,64,32,412,74,343,76,89,37,106,37,30,16,37,27,47,28,42,26,50,32,42,25,107,55,89,49,36,23,80,41,122,51,71,33,44,21,52,26,63,28,38,30,1.8831578947368421,0.246183851481106,206,354,193,96,101,503,135,0,368
51087200412,"Census Tract 2004.12, Henrico County, Virginia",1020,51,88,47,491,69,236,66,132,60,161,60,47,27,55,30,67,35,73,39,110,40,87,38,77,46,91,39,48,30,137,54,120,44,80,45,0,12,0,12,24,18,4,7,1.9637254901960783,0.452389073563431,352,440,200,0,28,1126,36,287,803
51760040600,"Census Tract 406, Richmond city, Virginia",884,86,52,53,435,85,337,77,95,64,17,15,16,15,26,19,47,51,12,14,59,49,82,49,67,58,82,61,53,30,93,51,59,26,37,25,100,44,46,28,71,36,34,27,1.6538461538461537,0.115388827619395,160,377,96,146,105,348,25,26,297
51087200107,"Census Tract 2001.07, Henrico County, Virginia",3087,222,37,34,777,177,1184,216,271,99,855,123,92,63,48,36,80,56,182,124,15,26,95,88,114,70,173,124,165,112,103,58,203,90,465,177,197,82,253,140,294,122,608,150,2.3900226757369616,2.85175827698694,417,650,668,450,902,1286,89,17,1180
51085320805,"Census Tract 3208.05, Hanover County, Virginia",1053,63,9,14,117,57,375,69,218,66,343,60,9,13,19,18,0,12,0,12,10,15,27,25,13,15,74,40,13,16,33,21,124,52,228,62,154,55,96,45,109,48,144,58,2.747388414055081,3.31783996402327,38,160,352,250,253,271,45,1,225
51760070700,"Census Tract 707, Richmond city, Virginia",1878,101,242,82,669,133,565,115,300,77,344,108,163,83,198,109,125,80,93,72,101,56,198,103,109,62,168,88,105,59,84,53,168,65,210,78,54,40,18,20,84,58,0,17,2.16986155484558,1.75663200168192,680,664,378,72,84,662,106,251,305
51760040200,"Census Tract 402, Richmond city, Virginia",1669,135,255,91,961,151,509,97,134,51,65,46,257,96,70,60,119,60,22,18,87,47,91,56,95,63,82,42,36,27,156,75,232,95,219,82,161,90,34,35,0,12,8,11,1.5823846614739365,1.57224808440705,555,460,451,195,8,14988,4390,813,9785
51041100805,"Census Tract 1008.05, Chesterfield County, Virginia",1819,105,17,19,352,90,780,138,355,131,332,111,49,33,36,33,48,34,48,34,79,48,58,54,149,97,88,59,49,31,249,99,211,109,318,123,186,81,96,71,119,70,36,44,2.366684991753711,2.20335862845176,260,593,529,282,155,427,22,154,251
51073100100,"Census Tract 1001, Gloucester County, Virginia",2881,220,0,17,580,150,1164,203,528,173,609,119,70,68,56,70,75,66,41,39,44,43,77,85,35,40,155,80,168,76,300,117,328,126,653,200,328,154,215,125,255,131,81,61,2.404720583130857,95.8459933650674,286,735,981,543,336,632,175,43,414
51730810500,"Census Tract 8105, Petersburg city, Virginia",1439,173,384,140,625,167,451,115,165,68,198,82,222,104,80,45,147,86,62,56,100,56,86,83,97,59,102,53,102,68,147,91,118,56,84,53,67,54,14,17,0,12,11,17,1.9555246699096596,1.76622667104033,611,534,202,81,11,92,17,10,65
51149850100,"Census Tract 8501, Prince George County, Virginia",371,101,57,47,140,71,45,27,69,46,117,85,27,22,68,69,14,16,19,16,14,18,24,28,0,12,36,32,8,10,31,46,52,45,27,30,18,14,0,12,2,6,31,34,2.439353099730458,4.45453283885795,142,99,79,18,33,1375,301,355,719
51041100507,"Census Tract 1005.07, Chesterfield County, Virginia",2364,39,0,17,474,115,775,136,458,118,657,119,58,47,42,64,0,17,30,34,41,66,141,111,93,61,81,76,163,109,77,53,229,112,478,141,231,92,195,88,287,115,218,97,2.5490693739424706,4.06259196312091,171,555,707,426,505,223,45,2,176
51087200120,"Census Tract 2001.20, Henrico County, Virginia",3367,147,52,47,1232,254,925,204,416,121,794,127,97,62,22,27,20,32,65,64,165,140,10,17,207,145,185,118,60,47,163,124,363,156,413,138,359,122,287,108,376,115,575,138,2.229284229284229,2.96156637225927,369,625,776,646,951,5992,193,2492,3307
51041100404,"Census Tract 1004.04, Chesterfield County, Virginia",884,84,151,63,340,67,242,75,103,42,199,64,76,41,58,33,111,52,76,43,68,37,29,22,93,53,59,35,44,29,57,34,113,53,63,33,15,17,17,15,3,5,2,4,2.182126696832579,0.92782594092681,389,282,176,32,5,271,71,99,101
51041100703,"Census Tract 1007.03, Chesterfield County, Virginia",2716,133,49,45,440,134,1074,168,439,157,763,115,164,100,63,49,13,22,45,38,47,56,98,87,94,65,89,66,126,79,156,80,258,122,338,117,323,139,348,110,263,105,291,98,2.561487481590574,54.5874121178792,332,563,596,671,554,411,116,46,249
51041100928,"Census Tract 1009.28, Chesterfield County, Virginia",2881,139,239,124,1094,209,706,184,350,120,731,108,69,65,46,50,85,69,126,98,107,61,88,65,104,64,106,77,89,70,182,124,262,121,303,132,321,114,281,116,401,122,311,121,2.2492190211732037,7.69336118102969,433,569,565,602,712,3080,138,366,2576
51730811000,"Census Tract 8110, Petersburg city, Virginia",1807,149,251,94,652,133,628,151,277,92,250,93,148,78,35,32,263,140,46,36,55,29,96,62,137,81,67,45,85,38,190,89,168,75,192,65,106,65,123,60,24,29,72,38,2.069175428887659,3.80779036094701,547,575,360,229,96,1275,334,135,806
51087200305,"Census Tract 2003.05, Henrico County, Virginia",1575,102,79,55,480,94,486,118,241,96,368,114,56,52,172,91,50,52,95,54,70,49,87,56,35,30,33,24,68,48,117,58,37,28,276,110,177,70,126,66,103,55,73,49,2.3155555555555556,1.53535309334978,443,340,313,303,176,4918,634,317,3967
51085320400,"Census Tract 3204, Hanover County, Virginia",1830,143,52,47,425,121,702,125,296,97,407,86,58,34,47,31,57,39,79,66,27,25,55,42,107,65,85,61,54,36,60,37,131,61,347,110,191,69,167,63,167,69,198,71,2.3743169398907105,22.6077615645778,268,361,478,358,365,6270,4206,634,1430
51085321001,"Census Tract 3210.01, Hanover County, Virginia",1509,61,133,67,569,101,509,99,159,85,272,64,75,40,81,65,50,36,115,60,32,31,52,40,53,41,37,29,63,36,119,63,153,65,146,54,111,77,229,75,93,52,100,49,2.088800530152419,2.42016020428492,353,324,299,340,193,1588,329,65,1194
51730810100,"Census Tract 8101, Petersburg city, Virginia",992,110,393,117,347,95,271,100,177,90,197,81,111,60,185,94,40,30,111,75,39,28,75,50,56,46,55,52,80,61,73,68,85,72,69,42,8,12,0,12,5,11,0,12,2.225806451612903,2.36993790168377,486,339,154,8,5,1038,328,137,573
51127700200,"Census Tract 7002, New Kent County, Virginia",2029,142,46,40,417,157,665,162,520,164,427,155,0,17,176,133,93,79,10,17,81,58,47,45,167,142,30,49,10,18,169,110,120,74,448,139,97,67,276,115,160,92,145,81,2.4716609167077377,53.5216833149021,360,423,568,373,305,535,246,56,233
51097950500,"Census Tract 9505, King and Queen County, Virginia",1095,124,48,40,317,118,369,105,272,101,137,70,21,21,76,54,67,62,35,27,19,32,22,24,52,47,79,84,50,43,82,55,138,84,249,100,145,69,24,25,20,21,16,16,2.2091324200913243,111.322922621429,218,285,387,169,36,420,196,40,184
51036600100,"Census Tract 6001, Charles City County, Virginia",1170,59,93,53,375,65,481,71,163,40,151,38,102,37,49,32,126,48,34,18,29,15,24,14,58,36,24,12,43,21,101,41,97,32,185,46,144,43,51,24,58,21,45,24,2.076923076923077,52.6206170035307,340,250,282,195,103,1005,772,11,222
51087201201,"Census Tract 2012.01, Henrico County, Virginia",2591,157,45,50,755,219,786,219,470,149,580,201,122,84,27,30,193,128,196,100,155,103,136,106,219,133,15,23,178,138,165,103,307,145,416,159,236,97,79,67,59,40,88,90,2.3377074488614435,4.66646425985104,693,713,723,315,147,463,57,46,360
51087200804,"Census Tract 2008.04, Henrico County, Virginia",2742,142,249,140,1130,227,842,225,445,164,325,149,298,126,106,75,226,127,153,102,292,144,194,118,235,140,120,92,253,151,204,138,241,134,224,140,34,50,42,53,51,50,69,68,1.987235594456601,2.11408710213313,1075,1006,465,76,120,274,16,17,241
51087201002,"Census Tract 2010.02, Henrico County, Virginia",1180,73,93,72,436,110,345,91,183,74,216,94,56,44,51,35,96,74,88,70,51,45,69,68,73,48,52,39,152,103,131,51,151,88,133,72,48,40,8,13,15,18,6,12,2.1516949152542373,1.1672783099166,342,477,284,56,21,1046,575,171,300
51087200600,"Census Tract 2006, Henrico County, Virginia",2296,92,123,74,966,162,813,156,257,98,260,73,120,100,43,53,60,51,126,79,91,74,300,152,197,134,145,88,128,79,219,133,219,90,132,76,156,91,162,89,73,57,125,93,1.9176829268292683,0.936490694592158,440,989,351,318,198,178,40,3,135
51087200116,"Census Tract 2001.16, Henrico County, Virginia",2575,110,127,93,1021,173,823,166,329,127,402,125,12,21,32,37,101,75,126,82,37,49,136,101,192,121,98,62,74,51,235,109,300,115,178,81,384,130,136,68,182,80,352,121,2.043495145631068,1.6896646502846,308,735,478,520,534,1122,56,244,822
51760070801,"Census Tract 708.01, Richmond city, Virginia",2711,156,246,119,842,210,952,210,510,170,407,167,395,157,84,83,149,103,112,77,99,88,255,171,119,93,187,128,169,106,262,111,350,170,245,129,35,37,102,67,130,78,18,28,2.1777941718922906,2.554651274623,839,992,595,137,148,268,43,94,131
51760020900,"Census Tract 209, Richmond city, Virginia",1281,111,172,82,519,122,418,88,214,78,130,64,201,85,72,51,51,47,66,34,131,75,107,51,76,52,19,21,29,34,113,62,105,51,130,76,77,48,41,34,19,21,44,43,1.964871194379391,1.05940699405582,521,344,235,118,63,104,7,6,91
51760040800,"Census Tract 408, Richmond city, Virginia",826,51,89,47,428,72,314,55,52,34,32,17,29,26,29,24,28,20,56,31,43,30,42,34,34,26,6,8,33,26,78,44,106,45,122,48,55,33,57,29,55,26,53,33,1.6222760290556901,0.217365359648796,185,193,228,112,108,2110,50,848,1212
51041100405,"Census Tract 1004.05, Chesterfield County, Virginia",827,47,39,30,129,54,265,65,222,79,211,75,32,34,11,13,68,52,37,24,48,45,43,24,96,57,56,46,59,34,120,62,105,59,84,35,59,27,9,10,0,12,0,12,2.62273276904474,0.696852698720206,196,374,189,68,0,90,33,18,39
51041100819,"Census Tract 1008.19, Chesterfield County, Virginia",2510,151,39,36,679,165,834,182,459,183,538,167,172,138,57,48,45,43,121,98,141,114,106,71,80,79,59,75,66,53,199,108,381,171,553,191,281,137,177,129,72,58,0,17,2.341035856573705,3.73695441128041,536,510,934,458,72,473,29,40,404
51041101003,"Census Tract 1010.03, Chesterfield County, Virginia",2719,141,30,27,373,132,708,143,496,143,1142,138,9,15,70,57,175,122,17,27,24,29,8,12,20,23,53,47,32,36,128,67,145,102,201,112,293,112,350,108,600,139,594,130,2.8852519308569327,45.8776060889238,295,241,346,643,1194,401,92,7,302
51041101010,"Census Tract 1010.10, Chesterfield County, Virginia",2959,126,71,74,439,139,1243,140,441,127,836,137,69,72,28,32,45,42,32,36,81,60,0,17,14,23,17,26,59,49,278,121,206,98,585,161,540,146,342,112,355,128,308,111,2.5657316661034133,7.76869261229232,255,368,791,882,663,747,163,325,259
51085321002,"Census Tract 3210.02, Hanover County, Virginia",2711,130,88,57,632,135,933,157,406,114,740,100,16,26,49,46,65,53,12,19,54,48,104,71,117,92,91,61,13,21,147,68,216,105,509,136,414,138,359,122,339,110,206,111,2.462559940981188,8.76285605732641,196,472,725,773,545,1269,119,525,625
51670820300,"Census Tract 8203, Hopewell city, Virginia",1335,125,256,117,515,132,338,114,232,125,250,97,308,122,177,100,48,44,58,50,31,35,105,90,108,81,111,81,2,5,104,86,124,72,113,79,22,28,5,9,17,23,2,5,2.162546816479401,1.17651852547388,622,430,237,27,19,3439,475,77,2887
51760021100,"Census Tract 211, Richmond city, Virginia",525,70,32,28,165,71,137,61,112,44,111,38,91,54,20,26,10,13,76,45,24,27,15,17,31,30,17,17,27,37,26,24,23,20,101,58,40,32,10,14,10,13,4,7,2.321904761904762,0.597400329841297,221,116,124,50,14,304,127,0,177
51085321300,"Census Tract 3213, Hanover County, Virginia",2460,102,55,73,522,115,1018,124,350,98,570,88,24,29,9,15,90,82,81,75,87,72,44,38,30,38,44,43,59,41,177,103,425,166,383,130,326,118,189,93,319,93,173,92,2.3934959349593496,8.46306553441075,291,354,808,515,492,1810,181,746,883
51760050400,"Census Tract 504, Richmond city, Virginia",1290,68,20,21,443,82,506,91,161,56,180,51,19,23,25,26,0,12,11,17,53,48,20,23,15,23,9,15,16,18,15,13,93,54,169,64,114,52,84,39,132,65,515,102,2.0604651162790697,0.730955038432315,108,75,262,198,647,1243,42,223,978
51095080401,"Census Tract 804.01, James City County, Virginia",2864,169,16,25,441,147,1135,190,649,166,639,136,95,66,30,32,42,41,44,44,41,39,17,27,47,46,177,147,93,91,372,151,314,129,563,145,301,111,258,104,319,119,151,69,2.518854748603352,48.4172805577725,252,706,877,559,470,1931,935,12,984
51085320602,"Census Tract 3206.02, Hanover County, Virginia",1371,111,57,57,416,105,585,130,104,49,266,85,64,51,46,33,76,44,109,77,36,30,0,12,182,92,33,26,89,86,107,64,120,51,172,70,117,77,69,40,67,53,84,43,2.1604668125455873,3.32776647607325,331,411,292,186,151,5246,1444,1056,2746
51087200407,"Census Tract 2004.07, Henrico County, Virginia",1899,87,66,52,377,111,748,148,350,99,424,122,50,32,18,22,90,49,24,22,41,45,89,44,151,77,106,56,126,76,120,59,172,86,405,114,237,87,160,102,72,49,38,37,2.4323328067403898,1.26315292724445,223,592,577,397,110,2351,57,1094,1200
51087200302,"Census Tract 2003.02, Henrico County, Virginia",1394,68,46,29,383,85,582,107,280,97,149,47,18,20,0,12,19,21,61,48,29,27,23,25,37,31,85,53,71,49,118,59,113,50,224,84,226,82,90,43,196,70,84,43,2.1398852223816354,0.947354735004621,127,334,337,316,280,6765,61,191,6513
51730810300,"Census Tract 8103, Petersburg city, Virginia",1010,127,71,36,387,124,285,85,138,87,200,77,58,43,19,22,60,69,68,43,74,52,84,65,44,35,65,47,75,60,124,75,72,45,104,61,105,64,22,22,19,22,17,18,2.1495049504950496,1.36023883984087,279,392,176,127,36,588,215,63,310
51145500200,"Census Tract 5002, Powhatan County, Virginia",3536,195,80,87,646,194,1514,219,510,141,866,110,155,136,81,57,47,52,140,93,29,34,101,64,52,45,173,126,97,74,239,116,375,126,506,153,446,176,294,109,404,110,397,143,2.4513574660633486,65.7630649994325,452,662,881,740,801,1803,476,173,1154
51145500102,"Census Tract 5001.02, Powhatan County, Virginia",1959,166,0,17,235,115,797,159,434,145,493,115,31,39,0,17,42,58,11,18,0,17,100,72,8,14,0,17,67,57,209,113,81,64,468,140,404,111,145,86,198,111,195,91,2.6049004594180705,34.1468029165523,84,384,549,549,393,1871,1013,88,770
51041100822,"Census Tract 1008.22, Chesterfield County, Virginia",2159,53,35,33,484,111,836,132,324,100,515,94,51,45,27,30,0,17,20,30,59,56,51,42,19,22,130,77,9,13,163,72,115,64,241,84,373,104,300,84,412,104,189,74,2.4029643353404353,15.5943498862778,157,372,356,673,601,2575,312,949,1314
51177020404,"Census Tract 204.04, Spotsylvania County, Virginia",1198,113,80,53,192,84,506,108,178,76,322,90,48,47,66,61,57,49,90,51,39,50,43,33,9,15,8,14,40,32,80,41,136,63,76,41,107,63,132,70,75,37,192,87,2.5258764607679467,53.8483755486043,300,180,212,239,267,225,72,19,134
51730811300,"Census Tract 8113, Petersburg city, Virginia",1425,142,426,153,821,136,375,122,135,81,94,68,357,144,79,54,149,115,61,60,34,30,36,44,89,54,111,89,148,80,218,94,22,35,75,64,21,22,10,16,0,12,15,18,1.6505263157894736,1.08989047543278,680,602,97,31,15,3201,370,102,2729
51087201003,"Census Tract 2010.03, Henrico County, Virginia",2495,133,428,192,1091,220,769,220,228,106,407,140,314,160,251,144,60,40,126,108,199,112,159,108,188,140,78,70,62,58,181,102,260,147,249,126,163,94,65,54,90,74,50,46,1.9803607214428858,2.00371442246969,950,668,509,228,140,458,78,205,175
51119950900,"Census Tract 9509, Middlesex County, Virginia",716,86,14,14,180,63,287,76,146,66,103,41,109,70,20,18,13,14,16,27,33,21,35,26,41,47,14,17,32,29,66,44,90,53,98,44,75,41,25,21,27,28,22,16,2.2402234636871508,53.3912012036654,191,188,188,100,49,95,65,14,16
51135000300,"Census Tract 3, Nottoway County, Virginia",2340,184,152,72,807,144,603,129,440,148,490,130,188,92,187,87,115,80,143,86,139,78,107,59,88,42,145,77,59,41,329,131,175,84,309,127,168,65,125,60,5,11,58,55,2.261965811965812,97.2414990488898,772,728,484,293,63,2340,338,161,1841
51085320300,"Census Tract 3203, Hanover County, Virginia",1511,75,0,12,223,91,720,103,275,86,293,61,29,26,0,12,0,12,68,43,26,25,87,53,54,50,40,22,49,42,101,68,80,45,210,67,132,65,172,57,209,77,254,76,2.4222369291859698,42.6795709772996,123,331,290,304,463,807,202,39,566
51053840200,"Census Tract 8402, Dinwiddie County, Virginia",1648,117,36,43,440,99,505,107,322,84,381,71,127,76,47,41,44,44,116,72,25,23,94,54,71,54,60,40,70,43,116,49,232,74,248,92,159,70,48,36,115,53,76,44,2.3907766990291264,71.9786194012281,359,411,480,207,191,2166,1792,31,343
51087200801,"Census Tract 2008.01, Henrico County, Virginia",1609,65,67,50,705,111,520,112,234,90,150,57,78,39,69,58,78,57,88,71,93,49,66,47,51,41,99,59,146,83,99,55,199,103,229,67,135,52,85,39,49,37,45,29,1.8937228091982599,2.22225375244188,406,461,428,220,94,6068,852,122,5094
51087200502,"Census Tract 2005.02, Henrico County, Virginia",862,60,15,13,285,65,328,72,110,54,139,37,12,14,3,5,45,26,22,18,54,31,29,24,30,24,51,31,22,17,68,29,134,58,169,49,117,47,40,29,27,22,39,31,2.1194895591647334,2.01751291031368,136,200,303,157,66,14836,4429,579,9828
51087201101,"Census Tract 2011.01, Henrico County, Virginia",2937,237,428,127,1297,279,895,211,421,170,324,143,204,107,224,119,89,58,266,150,225,115,186,89,187,121,145,104,203,160,209,109,304,145,296,142,125,66,223,122,51,51,0,17,1.9223697650663942,2.72241806596644,1008,930,600,348,51,10203,762,121,9320
51760010200,"Census Tract 102, Richmond city, Virginia",2214,192,536,192,1259,249,546,164,172,89,237,96,91,74,0,12,266,127,50,40,138,87,213,117,93,62,111,77,110,85,183,125,260,109,285,125,89,63,78,62,140,85,107,79,1.7231255645889791,1.52588431931486,545,710,545,167,247,1881,415,122,1344
51041100902,"Census Tract 1009.02, Chesterfield County, Virginia",1532,58,18,19,392,84,531,100,225,78,384,55,32,39,7,12,11,19,18,18,40,45,49,36,44,31,31,42,19,19,128,52,121,54,272,71,261,87,164,57,105,43,230,62,2.392297650130548,1.97677304109942,108,271,393,425,335,1137,74,110,953
51760050300,"Census Tract 503, Richmond city, Virginia",807,39,24,18,401,66,287,51,57,37,62,17,27,16,22,17,30,31,14,13,14,14,0,12,4,8,15,13,23,15,113,49,44,22,94,43,82,34,81,32,75,40,169,48,1.7273853779429988,0.2686009573543,107,155,138,163,244,227,26,10,191
51085320804,"Census Tract 3208.04, Hanover County, Virginia",1851,84,46,46,231,81,561,108,448,93,611,89,0,17,0,17,0,17,0,17,56,56,49,44,35,28,30,33,80,63,144,71,73,47,266,91,331,89,229,76,221,56,337,76,2.7774176121015666,2.16112105039339,56,338,339,560,558,1238,286,150,802
51760070601,"Census Tract 706.01, Richmond city, Virginia",1864,142,399,128,582,134,423,105,425,116,434,105,279,124,168,81,28,29,201,82,189,101,53,42,131,63,136,75,64,40,121,65,226,105,221,92,27,31,3,7,17,20,0,17,2.3814377682403434,1.34243194626787,865,505,447,30,17,1955,840,157,958
51041100821,"Census Tract 1008.21, Chesterfield County, Virginia",1679,63,28,23,265,78,698,101,379,97,337,66,23,23,23,21,0,12,45,34,42,32,8,12,40,41,60,42,16,18,128,57,163,58,230,82,222,64,216,69,163,63,300,70,2.4693269803454436,25.17744850395,133,252,393,438,463,1467,104,169,1194
51075400200,"Census Tract 4002, Goochland County, Virginia",1767,102,40,40,446,109,684,106,212,70,425,85,39,32,85,51,67,72,51,43,36,23,55,48,32,29,30,27,65,45,131,67,158,70,158,61,191,77,182,75,223,103,264,70,2.348613469156763,55.6177654477307,278,313,316,373,487,1142,759,37,346
51087200905,"Census Tract 2009.05, Henrico County, Virginia",2120,120,158,131,635,194,760,201,433,139,292,127,96,89,15,27,0,17,124,105,100,89,23,35,69,67,124,92,138,109,80,61,511,170,332,146,239,137,114,77,123,71,32,38,2.180188679245283,2.17502433973928,335,434,843,353,155,1530,323,156,1051
51085320702,"Census Tract 3207.02, Hanover County, Virginia",1002,59,10,12,193,67,332,62,287,84,190,64,29,28,29,37,38,33,28,21,13,15,56,43,32,26,5,9,40,31,78,40,74,40,102,45,166,71,56,42,66,33,190,55,2.4730538922155687,26.6794925677986,137,211,176,222,256,1450,254,11,1185
51041100505,"Census Tract 1005.05, Chesterfield County, Virginia",2112,100,49,56,572,170,702,179,397,140,441,120,0,17,179,96,55,51,13,22,146,122,75,53,43,41,111,101,64,56,138,84,235,107,328,116,361,160,123,73,165,74,76,48,2.334753787878788,4.05628451747152,393,431,563,484,241,3258,193,1211,1854
51760040300,"Census Tract 403, Richmond city, Virginia",378,46,139,52,202,51,138,35,25,21,13,14,154,52,47,34,8,9,42,31,11,16,15,16,0,12,7,2,0,12,5,9,17,16,26,23,0,12,0,12,19,14,27,19,1.6005291005291005,0.200387986361082,262,27,43,0,46,9525,20,82,9423
51085320200,"Census Tract 3202, Hanover County, Virginia",2196,136,21,33,326,160,1124,197,378,127,368,103,14,23,22,31,80,108,64,68,25,40,91,80,41,47,88,69,125,92,64,62,233,110,375,140,172,76,161,100,316,100,325,114,2.3588342440801457,62.8553994312795,205,409,608,333,641,1035,592,147,296
51760010600,"Census Tract 106, Richmond city, Virginia",810,64,69,34,291,78,278,62,120,42,121,42,61,38,30,24,49,29,31,19,30,24,18,14,38,30,52,29,19,19,43,26,114,46,75,40,84,40,50,32,71,39,45,20,2.0876543209876544,0.357429134851575,201,170,189,134,116,535,3,42,490
51041100931,"Census Tract 1009.31, Chesterfield County, Virginia",2090,112,15,23,422,119,909,137,339,117,420,72,81,74,0,17,0,17,41,38,16,26,42,40,40,38,33,39,0,17,170,81,179,85,420,134,304,110,277,99,202,93,285,114,2.362200956937799,3.32578091097093,138,285,599,581,487,2620,341,1026,1253
51041100815,"Census Tract 1008.15, Chesterfield County, Virginia",1584,40,0,17,135,58,532,76,346,104,571,80,24,21,0,17,24,21,0,17,20,26,36,26,71,45,26,32,81,51,108,61,107,57,293,94,316,106,247,105,183,72,48,37,2.8541666666666665,2.19759336839283,68,322,400,563,231,173,63,17,93
51041101004,"Census Tract 1010.04, Chesterfield County, Virginia",1640,82,38,27,288,82,646,85,259,77,447,89,21,22,6,11,32,33,38,32,68,45,70,40,20,23,44,31,96,58,102,54,117,52,156,57,292,90,184,79,178,60,216,78,2.527439024390244,57.9339953955602,165,332,273,476,394,508,211,95,202
51041100506,"Census Tract 1005.06, Chesterfield County, Virginia",2067,154,0,17,187,88,601,145,250,119,1029,181,26,23,28,33,48,55,0,17,49,73,182,145,164,120,130,142,0,17,242,146,176,87,357,149,309,135,170,90,78,57,108,70,3.0261248185776486,4.36217952254902,151,718,533,479,186,1656,734,102,820
51041100300,"Census Tract 1003, Chesterfield County, Virginia",1000,49,80,37,250,74,317,71,182,66,251,53,81,52,87,41,25,18,103,46,62,36,94,48,74,42,62,32,25,24,128,51,93,45,104,45,31,29,14,18,17,20,0,12,2.434,2.08490098484729,358,383,197,45,17,2422,2086,184,152
51081880101,"Census Tract 8801.01, Greensville County, Virginia",1940,160,126,92,651,139,608,109,276,128,405,140,127,93,119,76,45,32,220,103,121,58,164,83,60,36,42,39,80,57,181,86,231,97,216,118,199,76,48,41,69,38,18,23,2.2242268041237114,114.789439951504,632,527,447,247,87,1683,1151,10,522
51041101011,"Census Tract 1010.11, Chesterfield County, Virginia",1051,26,20,32,179,63,341,82,193,69,338,75,33,28,0,12,10,15,11,17,0,12,0,12,28,26,38,36,42,34,73,57,70,35,223,67,218,84,220,66,68,39,17,19,2.6565176022835395,1.00462078062612,54,181,293,438,85,690,20,78,592
51085321402,"Census Tract 3214.02, Hanover County, Virginia",1293,62,0,12,168,64,644,84,217,96,264,71,17,21,11,19,0,12,20,22,10,18,44,31,33,32,0,12,22,25,141,66,138,66,175,56,160,87,113,58,231,73,178,65,2.446249033255994,20.489454403218,58,240,313,273,409,296,214,18,64
51085320801,"Census Tract 3208.01, Hanover County, Virginia",923,57,0,12,114,40,393,57,182,50,234,48,8,12,16,17,5,8,62,40,0,12,17,15,33,26,27,24,44,26,24,20,61,34,77,35,118,49,156,49,148,47,127,47,2.580715059588299,9.52613368373106,91,145,138,274,275,7144,4951,647,1546
51087200112,"Census Tract 2001.12, Henrico County, Virginia",2352,130,412,127,1069,162,646,145,190,87,447,84,206,92,75,53,92,75,180,115,57,73,51,39,30,34,57,43,169,111,128,62,130,71,377,120,231,118,163,81,90,59,316,103,2.006377551020408,2.01012581084142,610,435,507,394,406,1325,67,113,1145
51087200124,"Census Tract 2001.24, Henrico County, Virginia",2052,91,275,94,771,116,703,114,233,65,345,74,54,39,51,47,81,64,101,71,54,34,90,49,43,27,17,19,76,58,160,79,187,82,333,99,269,79,135,48,145,51,256,69,2.074074074074074,1.1980160863404,341,386,520,404,401,1198,96,5,1097
51087200700,"Census Tract 2007, Henrico County, Virginia",1710,117,489,118,870,135,390,81,257,85,193,84,275,106,45,36,69,35,114,78,52,45,111,52,38,40,15,17,111,75,81,52,160,66,233,79,159,54,50,35,61,44,136,58,1.867251461988304,1.17800720177185,555,356,393,209,197,2081,125,212,1744
51760070100,"Census Tract 701, Richmond city, Virginia",2490,153,68,60,835,174,1108,159,369,130,178,91,95,87,27,32,19,24,115,70,72,52,81,91,76,59,70,60,58,46,166,95,128,74,434,133,395,120,214,116,169,97,371,125,1.9558232931726907,3.94268193487847,328,451,562,609,540,4060,276,518,3266
51760010300,"Census Tract 103, Richmond city, Virginia",616,48,219,64,267,76,187,67,74,42,88,39,114,56,50,34,76,48,85,49,45,39,35,36,28,21,17,14,37,21,58,33,26,30,20,18,21,17,4,6,0,12,0,12,1.9724025974025974,0.481668669700826,370,175,46,25,0,159,59,8,92
51760020600,"Census Tract 206, Richmond city, Virginia",843,89,106,49,363,83,269,47,128,48,83,31,55,41,49,39,15,15,8,11,51,36,22,20,30,21,52,43,30,18,54,25,126,55,125,49,57,32,57,23,68,35,44,22,1.9181494661921707,0.182377366348229,178,188,251,114,112,445,31,64,350
51760020300,"Census Tract 203, Richmond city, Virginia",646,80,148,61,292,78,191,71,87,41,76,46,131,59,39,35,76,52,43,29,7,12,32,34,23,18,13,18,45,34,86,45,53,34,78,37,6,7,2,9,8,14,4,7,1.9179566563467492,0.314870028281493,296,199,131,8,12,663,7,129,527
51087201401,"Census Tract 2014.01, Henrico County, Virginia",2166,150,80,78,804,184,599,167,391,134,372,140,83,54,113,84,172,129,151,115,247,135,102,71,79,81,76,70,166,108,237,155,347,117,120,78,85,75,125,85,33,48,30,44,2.1528162511542015,3.30123636478765,766,660,467,210,63,7767,2607,1548,3612
51087201403,"Census Tract 2014.03, Henrico County, Virginia",2266,176,35,44,876,197,631,180,312,138,447,137,130,102,199,137,64,57,106,85,228,149,36,53,101,84,104,95,207,133,178,121,164,96,317,131,224,144,73,77,122,110,13,21,2.145631067961165,10.0249257286103,727,626,481,297,135,461,160,37,264
51087200127,"Census Tract 2001.27, Henrico County, Virginia",2393,142,199,78,788,159,828,166,384,117,393,100,46,38,69,67,73,63,55,52,28,28,44,45,24,29,118,96,78,69,285,99,146,76,255,88,392,131,218,101,190,72,372,129,2.1596322607605516,2.0518964026088,271,549,401,610,562,1352,173,17,1162
51760020400,"Census Tract 204, Richmond city, Virginia",1442,100,778,130,513,127,325,114,208,93,396,126,432,134,326,117,95,58,153,88,40,47,89,63,71,49,79,53,32,38,23,24,59,64,37,43,0,17,0,17,0,17,6,11,2.337725381414702,0.68512311062361,1046,294,96,0,6,902,603,39,260
51087200105,"Census Tract 2001.05, Henrico County, Virginia",2468,164,133,81,628,160,944,179,317,113,579,142,113,89,29,33,128,97,186,127,113,65,52,40,221,103,108,91,129,78,187,115,286,136,349,119,178,81,176,101,123,56,90,60,2.343192868719611,1.65450320268502,569,697,635,354,213,2285,134,764,1387
51041100812,"Census Tract 1008.12, Chesterfield County, Virginia",2154,62,0,17,574,152,677,132,336,105,567,142,45,45,100,95,57,54,46,40,45,42,43,39,82,71,152,97,153,77,108,75,180,85,362,148,170,74,236,97,250,129,125,73,2.415970287836583,5.66141998218602,293,538,542,406,375,1539,646,108,785
51109950400,"Census Tract 9504, Louisa County, Virginia",1175,109,24,27,193,76,568,118,160,67,254,55,35,42,29,28,101,54,102,67,55,58,62,42,37,54,55,56,24,22,88,48,64,37,244,115,45,33,102,51,80,46,52,37,2.404255319148936,56.5943283690276,322,266,308,147,132,328,263,6,59
51149850301,"Census Tract 8503.01, Prince George County, Virginia",2481,161,101,99,688,162,806,176,503,163,484,119,144,132,118,105,38,45,128,84,101,74,141,91,131,77,119,89,217,144,214,113,176,116,230,114,165,77,277,114,218,103,64,51,2.3155985489721886,10.0373546333613,529,822,406,442,282,2545,212,267,2066
51087200202,"Census Tract 2002.02, Henrico County, Virginia",1488,72,11,17,282,77,513,83,359,77,334,58,23,23,0,12,7,11,0,12,0,12,20,23,20,22,21,21,53,32,79,41,115,52,242,70,163,74,181,73,167,62,397,80,2.5006720430107525,1.34088917340211,30,193,357,344,564,569,29,50,490
51041100208,"Census Tract 1002.08, Chesterfield County, Virginia",1021,44,10,16,233,56,500,80,120,54,168,47,30,47,20,22,20,23,31,30,41,41,37,44,0,12,8,12,37,32,56,35,95,44,139,56,105,52,125,52,117,58,160,70,2.218413320274241,1.70644455231157,142,138,234,230,277,135,30,7,98
51041100510,"Census Tract 1005.10, Chesterfield County, Virginia",1581,113,25,29,326,105,593,90,311,111,351,114,21,22,10,15,29,28,19,22,10,16,95,65,86,51,74,52,88,68,154,61,242,96,272,118,259,112,90,50,70,47,62,46,2.4345351043643264,2.56215874710903,89,497,514,349,132,276,224,23,29
51149850200,"Census Tract 8502, Prince George County, Virginia",1384,139,8,12,42,29,224,75,280,70,838,141,40,26,21,21,7,11,13,18,15,15,77,43,68,30,38,29,47,35,217,112,205,66,249,60,144,68,155,68,76,59,12,14,3.382947976878613,9.93003464104725,96,447,454,299,88,1576,24,48,1504
51041100927,"Census Tract 1009.27, Chesterfield County, Virginia",3580,151,151,66,800,155,1007,177,756,200,1017,121,41,37,15,23,69,50,92,60,68,52,69,48,69,44,33,37,50,48,115,83,318,119,411,149,534,170,440,129,621,148,635,161,2.5558659217877095,10.376554105265,285,336,729,974,1256,1975,390,139,1446
51087200108,"Census Tract 2001.08, Henrico County, Virginia",936,47,22,16,114,38,418,48,124,38,280,30,19,14,0,12,19,24,27,24,0,12,5,7,0,12,18,14,31,25,30,25,35,28,49,28,57,23,35,19,81,30,530,59,2.608974358974359,7.59964665691879,65,84,84,92,611,964,42,70,852
51087201001,"Census Tract 2010.01, Henrico County, Virginia",2536,109,12,19,851,193,856,216,276,138,553,149,45,52,0,17,32,37,137,115,29,33,83,88,170,118,131,123,177,124,260,138,333,153,366,168,202,104,212,134,229,162,130,93,2.209384858044164,5.79915457808395,243,821,699,414,359,719,188,128,403
51087200303,"Census Tract 2003.03, Henrico County, Virginia",1432,115,54,41,359,102,660,137,191,100,222,64,106,79,31,36,11,14,126,65,58,51,74,53,23,21,166,76,79,54,124,57,123,62,133,58,169,73,112,71,41,31,56,53,2.1927374301675977,1.11432843652378,332,466,256,281,97,7360,390,547,6423
51087200109,"Census Tract 2001.09, Henrico County, Virginia",1345,67,45,36,264,85,454,84,230,71,397,72,9,15,0,12,9,14,0,12,25,26,17,20,44,31,47,37,71,57,43,40,75,40,83,40,133,70,79,42,189,66,521,94,2.5650557620817844,1.72118771014777,43,222,158,212,710,376,92,28,256
51085321100,"Census Tract 3211, Hanover County, Virginia",2179,166,80,58,496,156,1020,169,326,121,337,121,65,53,59,70,130,103,14,23,75,51,33,40,102,58,77,46,44,41,177,79,224,124,385,124,211,84,239,99,275,122,69,45,2.231298760899495,3.36284936511535,343,433,609,450,344,4012,669,629,2714
51085321201,"Census Tract 3212.01, Hanover County, Virginia",1772,64,26,24,467,94,598,111,313,85,394,94,96,68,30,28,91,59,73,42,34,31,109,65,0,12,85,52,52,35,201,93,175,69,238,84,243,94,152,58,122,68,71,49,2.3577878103837473,4.35213440513538,324,447,413,395,193,3239,257,1364,1618
51065020200,"Census Tract 202, Fluvanna County, Virginia",1926,138,66,66,519,166,822,162,242,120,343,111,126,84,0,12,129,82,32,36,89,103,83,78,90,57,150,95,63,51,105,60,203,98,275,116,158,84,135,84,137,70,151,92,2.2123572170301142,134.749524483862,376,491,478,293,288,728,245,69,414
51760011000,"Census Tract 110, Richmond city, Virginia",880,77,133,56,319,65,238,67,170,61,153,59,77,48,50,28,85,56,36,30,70,31,72,48,39,30,67,42,25,23,59,39,91,47,51,30,61,35,30,27,46,42,21,18,2.1784090909090907,0.512939539335121,318,262,142,91,67,83,54,5,24
51760060400,"Census Tract 604, Richmond city, Virginia",1880,230,541,205,758,263,573,179,226,134,323,133,288,164,164,125,158,100,60,74,164,153,172,152,62,57,128,96,38,41,148,142,99,76,127,87,109,98,50,52,44,53,69,73,2.0606382978723405,0.917235943094368,834,548,226,159,113,557,278,67,212
51087201202,"Census Tract 2012.02, Henrico County, Virginia",2428,162,375,158,870,200,793,180,413,194,352,125,129,99,167,126,152,108,117,101,119,85,359,170,145,101,44,45,90,55,490,179,306,150,175,101,87,103,9,15,16,25,23,44,2.1017298187808895,2.15534925562076,684,1128,481,96,39,1979,1297,203,479
51053980100,"Census Tract 9801, Dinwiddie County, Virginia",0,12,0,12,0,12,0,12,0,12,0,12,0,12,0,12,0,12,0,12,0,12,0,12,0,12,0,12,0,12,0,12,0,12,0,12,0,12,0,12,0,12,0,12,NA,20.3998421169986,0,0,0,0,0,334,0,0,334
51041100926,"Census Tract 1009.26, Chesterfield County, Virginia",2386,130,150,91,420,143,1021,149,364,120,581,91,14,23,74,92,0,17,17,28,0,17,22,36,74,61,39,45,61,59,131,102,61,57,169,97,172,98,141,84,388,112,1023,162,2.463537300922045,6.02465536063503,105,327,230,313,1411,1648,212,387,1049
51149850400,"Census Tract 8504, Prince George County, Virginia",1807,116,157,106,544,128,763,130,189,88,311,101,58,42,33,38,95,76,29,38,62,83,90,62,73,60,143,79,24,39,148,82,240,106,227,107,331,119,104,77,123,66,27,42,2.1477587161040397,137.647340195937,277,478,467,435,150,477,154,52,271
51087200805,"Census Tract 2008.05, Henrico County, Virginia",1417,137,343,141,466,124,402,129,305,115,244,132,293,108,197,93,17,19,56,74,94,56,89,77,94,64,96,61,36,30,138,85,132,89,131,78,10,16,10,16,14,17,10,16,2.230769230769231,1.92031793366574,657,453,263,20,24,2195,1543,117,535
51087200129,"Census Tract 2001.29, Henrico County, Virginia",5092,200,154,105,880,216,1544,280,817,231,1851,195,242,139,92,87,60,65,28,45,29,34,54,51,119,83,98,89,62,83,156,117,257,135,668,238,398,162,335,141,710,196,1784,267,2.714650432050275,7.71590209070725,451,489,925,733,2494,5261,881,378,4002
51087201701,"Census Tract 2017.01, Henrico County, Virginia",1470,98,42,37,533,122,463,104,256,87,218,77,46,33,13,17,82,54,22,23,76,51,144,68,97,55,80,43,120,63,179,88,221,93,197,88,118,58,60,58,15,18,0,12,2.1081632653061226,1.77357456100848,239,620,418,178,15,723,267,88,368
51041100407,"Census Tract 1004.07, Chesterfield County, Virginia",1275,100,18,19,277,90,384,112,364,106,250,79,44,35,27,32,40,32,118,56,17,19,149,96,42,27,152,78,46,33,204,108,146,77,172,71,84,80,24,19,10,16,0,12,2.460392156862745,3.45649711491564,246,593,318,108,10,907,248,269,390
51085320601,"Census Tract 3206.01, Hanover County, Virginia",1486,121,118,70,658,133,352,105,204,80,272,89,120,57,116,65,57,44,76,51,47,39,95,72,66,46,18,14,41,34,172,69,253,79,121,61,106,54,155,74,43,40,0,12,2.060565275908479,5.90910645119294,416,392,374,261,43,6943,1339,825,4779
51730811100,"Census Tract 8111, Petersburg city, Virginia",1283,135,70,50,571,129,432,118,170,77,110,58,76,53,41,37,80,64,68,55,21,20,49,54,78,44,163,89,61,51,75,41,267,110,171,70,60,46,13,21,26,19,34,36,1.8589243959469992,4.0526000677568,286,426,438,73,60,1509,257,519,733
51760060600,"Census Tract 606, Richmond city, Virginia",1172,81,32,26,402,83,456,87,174,68,140,41,39,35,9,15,46,49,40,41,20,29,54,43,23,25,67,37,38,27,86,46,143,65,133,53,151,62,55,36,91,52,177,70,2.044368600682594,0.79078810908575,154,268,276,206,268,354,34,104,216
51033030600,"Census Tract 306, Caroline County, Virginia",1249,133,109,66,239,74,582,124,208,93,220,61,18,22,109,69,17,27,58,26,46,46,71,52,83,77,54,35,53,40,71,48,124,62,153,69,193,75,71,46,84,58,44,35,2.3274619695756606,56.8655959533119,248,332,277,264,128,215,59,64,92
51087980100,"Census Tract 9801, Henrico County, Virginia",0,12,0,12,0,12,0,12,0,12,0,12,0,12,0,12,0,12,0,12,0,12,0,12,0,12,0,12,0,12,0,12,0,12,0,12,0,12,0,12,0,12,0,12,NA,3.43580368699491,0,0,0,0,0,2538,1259,47,1232
51760071100,"Census Tract 711, Richmond city, Virginia",2858,131,144,91,1347,205,997,194,317,175,197,95,166,85,95,73,119,94,232,135,319,167,106,71,220,128,94,79,100,78,246,137,268,140,293,133,319,139,188,87,61,50,32,38,1.7774667599720084,1.70579741167245,931,766,561,507,93,246,31,17,198
51085320701,"Census Tract 3207.01, Hanover County, Virginia",1480,97,29,29,233,82,595,112,305,93,347,84,15,20,49,58,17,20,7,12,0,12,68,40,57,45,76,59,105,60,42,32,230,94,100,46,222,86,141,62,189,73,162,70,2.5175675675675677,23.4099839884105,88,348,330,363,351,293,121,7,165
51085320900,"Census Tract 3209, Hanover County, Virginia",3235,99,35,34,759,191,1147,183,494,121,835,149,54,49,0,17,37,41,66,58,87,61,153,129,205,117,51,48,45,47,260,122,395,145,423,128,398,122,324,128,399,132,338,106,2.434312210200927,11.7900774431383,244,714,818,722,737,8366,2489,311,5566
51145500101,"Census Tract 5001.01, Powhatan County, Virginia",2582,127,5,10,486,135,1125,121,374,106,597,85,43,42,55,42,40,55,95,67,13,21,111,83,107,104,82,55,34,34,93,71,259,103,373,137,331,117,305,96,279,108,362,121,2.4190549961270333,49.8099449008057,246,427,632,636,641,1871,652,390,829
51087200414,"Census Tract 2004.14, Henrico County, Virginia",2055,115,12,20,357,118,653,137,347,121,698,105,43,40,12,20,0,17,40,39,48,74,45,52,145,88,63,70,75,67,109,70,157,92,364,99,259,108,220,90,309,108,166,77,2.6744525547445255,1.49260498265244,143,437,521,479,475,156,33,0,123
51145500300,"Census Tract 5003, Powhatan County, Virginia",137,34,0,12,21,21,62,24,11,12,43,23,0,12,5,7,0,12,0,12,0,12,5,10,7,10,0,12,11,12,8,13,23,16,12,13,43,22,10,12,5,7,8,9,2.5547445255474455,12.9727285599884,5,31,35,53,13,710,5,0,705
51145500400,"Census Tract 5004, Powhatan County, Virginia",2051,126,45,33,390,109,707,151,447,121,507,106,57,52,7,11,44,44,89,67,158,93,47,44,90,78,122,64,63,42,190,115,240,103,346,120,200,84,130,81,195,94,73,50,2.522184300341297,99.4850828784095,355,512,586,330,268,1118,178,50,890
51087200128,"Census Tract 2001.28, Henrico County, Virginia",2375,173,29,33,708,184,680,159,529,177,458,113,12,20,13,20,0,17,0,17,19,29,44,38,120,97,96,83,38,39,194,99,194,117,503,160,180,76,180,96,400,127,382,122,2.3103157894736843,1.6728127118179,44,492,697,360,782,4277,193,2000,2084
51095080301,"Census Tract 803.01, James City County, Virginia",3354,175,79,56,804,168,1189,198,675,195,686,117,117,50,47,44,34,34,60,60,259,110,170,90,69,56,156,97,243,144,203,91,396,114,379,137,515,151,243,89,366,119,97,53,2.3706022659511032,35.4062276989825,517,841,775,758,463,4816,298,1215,3303
51041100509,"Census Tract 1005.09, Chesterfield County, Virginia",2376,113,0,17,412,140,870,170,422,145,672,135,0,17,19,31,136,95,49,43,45,49,15,23,52,51,50,56,15,22,246,123,216,101,380,140,295,129,329,118,323,120,206,102,2.56986531986532,13.6485878209764,249,378,596,624,529,7842,5395,509,1938
51041100701,"Census Tract 1007.01, Chesterfield County, Virginia",2108,142,38,37,481,143,774,191,353,160,500,180,56,50,106,94,37,44,32,36,175,110,111,94,14,21,112,74,125,78,154,74,316,173,495,175,284,130,53,56,38,38,0,17,2.413662239089184,4.61415582444264,406,516,811,337,38,252,26,111,115
51053840600,"Census Tract 8406, Dinwiddie County, Virginia",2544,212,124,87,665,185,955,188,416,160,508,172,150,111,103,74,136,75,79,56,60,63,168,101,68,52,77,53,29,40,194,82,253,127,350,158,242,98,188,96,170,121,277,143,2.301493710691824,143.517232810922,528,536,603,430,447,1847,160,135,1552
51041100935,"Census Tract 1009.35, Chesterfield County, Virginia",1372,86,59,36,200,87,488,74,246,79,438,56,32,30,81,82,0,12,33,26,8,12,35,27,22,24,11,17,18,20,51,32,72,45,78,43,186,75,108,48,184,66,453,88,2.67201166180758,2.90285583154136,154,137,150,294,637,707,94,11,602
51057950800,"Census Tract 9508, Essex County, Virginia",1326,177,26,28,259,120,564,117,233,133,270,89,24,27,74,50,23,35,129,77,6,9,44,38,89,78,49,57,39,31,162,108,162,95,299,132,87,53,59,45,38,36,42,48,2.38763197586727,73.0383194133041,256,383,461,146,80,140,102,16,22
51041101013,"Census Tract 1010.13, Chesterfield County, Virginia",1187,27,19,22,123,44,480,82,254,69,330,50,24,30,11,18,29,26,8,12,0,12,10,17,19,22,11,17,45,29,101,64,56,35,135,53,226,66,173,62,204,65,135,66,2.666385846672283,4.48529940983555,72,186,191,399,339,119,68,12,39
51041100508,"Census Tract 1005.08, Chesterfield County, Virginia",1855,72,40,34,426,132,609,126,409,140,411,104,30,29,66,64,27,29,20,21,13,19,93,69,149,80,93,68,74,59,203,87,282,104,362,124,171,86,140,86,108,72,24,24,2.4339622641509435,3.21994820027714,156,612,644,311,132,510,282,42,186
51760070300,"Census Tract 703, Richmond city, Virginia",1473,119,151,92,629,134,519,98,187,84,138,62,77,81,25,22,40,35,84,53,97,87,73,46,73,73,101,54,42,48,95,55,87,62,169,84,107,82,83,38,183,76,137,67,1.8873048200950442,1.36082196279197,323,384,256,190,320,1321,51,791,479
51119951000,"Census Tract 9510, Middlesex County, Virginia",1562,148,67,68,599,127,643,124,135,75,185,76,93,60,118,80,97,82,87,56,45,31,26,23,23,30,61,45,79,54,87,45,272,127,200,87,109,45,97,56,70,50,98,60,1.9398207426376441,44.5498125235168,440,276,472,206,168,2122,196,188,1738
51760060800,"Census Tract 608, Richmond city, Virginia",1130,95,337,75,375,87,284,71,204,86,267,83,138,54,119,50,146,77,71,35,146,77,81,54,69,51,66,54,65,44,71,56,87,45,45,38,8,12,18,27,0,12,0,12,2.3212389380530976,2.96572471739274,620,352,132,26,0,4261,2947,219,1095
51135000100,"Census Tract 1, Nottoway County, Virginia",1994,226,140,93,534,186,548,157,392,149,520,126,159,113,78,73,179,103,83,81,69,55,82,70,172,122,209,145,251,127,61,53,48,45,304,126,169,100,49,47,41,47,40,45,2.4503510531594785,78.5438391798517,568,775,352,218,81,1926,445,480,1001
51041100920,"Census Tract 1009.20, Chesterfield County, Virginia",747,72,7,12,317,82,231,59,53,32,146,46,7,12,0,12,7,10,4,6,52,38,29,22,23,18,35,32,16,18,169,68,93,51,87,35,67,33,76,48,74,44,8,11,2.037483266398929,1.26169866529698,70,272,180,143,82,8337,579,2440,5318
51041100933,"Census Tract 1009.33, Chesterfield County, Virginia",1078,77,23,25,392,101,389,116,134,64,163,62,21,24,17,21,25,22,13,25,102,85,42,33,28,26,174,67,73,59,75,47,184,82,126,65,71,52,66,68,24,23,37,35,2.0630797773654916,1.12803860314569,178,392,310,137,61,243,67,66,110
51041100919,"Census Tract 1009.19, Chesterfield County, Virginia",2491,120,23,27,452,131,841,164,519,144,679,140,32,38,50,46,18,29,138,103,60,48,111,69,149,118,82,68,155,105,246,96,196,76,396,151,391,134,286,111,139,81,42,44,2.572059413890004,5.57885856308369,298,743,592,677,181,5091,2120,1140,1831
51085320500,"Census Tract 3205, Hanover County, Virginia",1202,73,37,46,223,91,534,85,193,59,252,70,59,52,8,16,30,23,7,12,90,55,34,27,0,12,19,20,50,30,63,41,94,57,176,80,183,67,103,60,154,61,132,57,2.394342762063228,22.9091148563526,194,166,270,286,286,459,157,14,288
51181860100,"Census Tract 8601, Surry County, Virginia",1262,127,89,41,310,94,509,94,253,81,190,67,97,53,88,51,128,59,63,31,64,43,30,28,31,24,10,14,151,73,77,41,78,42,159,71,146,63,61,41,36,28,43,27,2.25594294770206,92.6175559295273,440,299,237,207,79,1626,1204,45,377
51670980100,"Census Tract 9801, Hopewell city, Virginia",0,12,0,12,0,12,0,12,0,12,0,12,0,12,0,12,0,12,0,12,0,12,0,12,0,12,0,12,0,12,0,12,0,12,0,12,0,12,0,12,0,12,0,12,NA,2.34287262950266,0,0,0,0,0,2324,2045,13,266
51760041100,"Census Tract 411, Richmond city, Virginia",1596,125,185,88,713,146,631,116,162,60,90,56,146,56,143,84,80,61,61,46,38,43,40,25,69,46,89,60,31,26,105,55,167,76,124,57,237,82,77,37,86,41,103,49,1.7675438596491229,0.337666325633351,468,334,291,314,189,2321,145,232,1944
51087200130,"Census Tract 2001.30, Henrico County, Virginia",2463,78,16,20,353,100,905,160,441,128,764,115,61,56,0,17,11,18,0,17,0,17,92,75,36,35,77,58,10,17,81,55,127,77,210,94,147,73,267,98,416,146,928,167,2.6561104344295576,2.42685954058804,72,296,337,414,1344,417,30,48,339
51760070602,"Census Tract 706.02, Richmond city, Virginia",820,60,29,22,225,54,187,49,207,64,201,62,30,27,36,27,38,28,49,32,81,46,35,25,49,32,33,23,59,31,88,40,126,61,119,53,46,26,8,10,17,21,6,11,2.4682926829268292,0.812920335309183,234,264,245,54,23,1886,964,214,708
51760041600,"Census Tract 416, Richmond city, Virginia",639,51,12,14,214,66,265,47,139,41,21,22,6,9,14,16,19,19,18,16,28,31,4,7,0,12,37,24,15,18,60,33,86,37,110,38,72,29,43,25,81,42,46,22,1.948356807511737,1.25980746855411,85,116,196,115,127,144,4,0,140
51760010700,"Census Tract 107, Richmond city, Virginia",945,86,116,49,216,77,412,112,205,76,112,68,39,36,37,33,31,32,72,57,92,68,56,38,78,53,59,50,38,34,84,41,132,66,97,55,51,31,54,46,7,10,18,16,2.2253968253968255,0.401743815540549,271,315,229,105,25,141,16,26,99
51760050100,"Census Tract 501, Richmond city, Virginia",1627,58,235,95,943,105,440,91,95,49,149,22,119,69,85,46,96,63,99,73,72,53,35,45,62,51,38,29,51,42,93,51,120,55,216,89,146,64,90,43,100,54,205,54,1.6619545175169024,0.645022175027792,471,279,336,236,305,3253,508,181,2564
51036600300,"Census Tract 6003, Charles City County, Virginia",830,56,67,36,290,55,309,49,129,48,102,30,65,34,76,41,19,14,44,26,37,21,29,25,40,27,43,29,20,15,49,26,67,35,140,49,95,39,46,29,17,13,43,25,2.0518072289156626,103.71144095129,241,181,207,141,60,482,117,17,348
51041100823,"Census Tract 1008.23, Chesterfield County, Virginia",2468,106,147,84,653,175,968,187,382,139,465,147,81,83,50,76,32,37,72,52,61,63,159,139,39,42,193,110,32,36,158,87,108,107,480,177,406,158,239,101,180,96,178,68,2.2670178282009723,4.05367114706361,296,581,588,645,358,1366,94,110,1162
51041100818,"Census Tract 1008.18, Chesterfield County, Virginia",1329,73,31,31,203,63,535,108,259,90,332,86,54,33,0,12,0,12,3,8,0,12,24,28,7,12,28,30,46,35,117,79,127,64,334,103,212,82,152,72,155,78,70,49,2.5417607223476297,2.37352162050615,57,222,461,364,225,133,73,0,60
51181860200,"Census Tract 8602, Surry County, Virginia",1468,123,50,42,398,109,561,101,239,61,270,81,18,24,46,36,108,83,25,21,28,30,75,44,127,59,16,18,46,32,190,75,208,83,210,78,189,72,111,60,64,39,7,11,2.2595367847411443,190.554226237598,225,454,418,300,71,665,161,2,502
51007930200,"Census Tract 9302, Amelia County, Virginia",2386,139,62,53,667,165,1026,197,309,108,384,139,95,79,85,92,200,88,229,117,60,52,85,67,97,60,92,69,116,83,160,75,266,149,226,108,129,88,226,115,222,125,98,110,2.171835708298407,167.615506054264,669,550,492,355,320,1657,514,142,1001
51007930100,"Census Tract 9301, Amelia County, Virginia",2568,153,128,75,575,160,900,146,554,163,539,135,124,76,120,91,101,66,60,47,53,44,171,89,105,68,238,117,24,41,308,148,181,96,306,98,343,146,127,75,217,114,90,61,2.4116043613707165,190.800111710991,458,846,487,470,307,795,599,80,116
51041100932,"Census Tract 1009.32, Chesterfield County, Virginia",1245,25,12,18,138,63,415,98,311,68,381,62,21,25,13,19,10,15,0,12,25,27,19,22,9,15,13,18,24,26,101,57,147,55,162,63,280,82,162,62,145,59,114,50,2.751004016064257,1.09023257784764,69,166,309,442,259,85,44,1,40
51041100910,"Census Tract 1009.10, Chesterfield County, Virginia",1948,109,34,32,385,110,758,138,394,132,411,96,50,41,28,33,14,17,14,23,38,36,131,80,41,40,61,50,155,72,189,86,294,120,350,109,170,78,279,139,100,70,34,38,2.4265913757700206,2.52578142073056,144,577,644,449,134,411,211,34,166
51085321403,"Census Tract 3214.03, Hanover County, Virginia",1086,34,0,12,148,58,442,83,280,85,216,59,0,12,0,12,13,20,0,12,33,31,27,39,15,22,45,32,19,20,59,48,113,46,187,66,194,71,89,49,93,39,199,88,2.5193370165745854,30.7049763914535,46,165,300,283,292,168,124,2,42
51041101007,"Census Tract 1010.07, Chesterfield County, Virginia",2306,109,0,17,367,115,1047,158,348,100,544,112,11,17,17,28,0,17,14,23,14,23,44,41,64,53,92,66,122,81,70,57,209,97,373,122,373,140,266,98,265,85,372,105,2.46357328707719,3.64194469207655,56,392,582,639,637,1802,119,335,1348
51127700100,"Census Tract 7001, New Kent County, Virginia",2494,185,70,66,504,148,923,154,338,146,729,139,61,67,49,50,31,31,33,39,20,33,125,83,36,42,42,40,70,50,203,95,313,110,411,141,363,121,204,94,246,136,287,107,2.5180433039294305,44.5104540659106,194,476,724,567,533,980,142,271,567
51135980100,"Census Tract 9801, Nottoway County, Virginia",5,8,0,12,0,12,5,8,0,12,0,12,0,12,0,12,0,12,0,12,0,12,0,12,0,12,0,12,0,12,5,8,0,12,0,12,0,12,0,12,0,12,0,12,2,34.9458136584345,0,5,0,0,0,302,144,0,158
51760020500,"Census Tract 205, Richmond city, Virginia",3293,269,331,136,1980,292,1213,221,33,34,67,67,314,147,163,118,52,43,206,139,130,100,79,63,250,119,138,69,143,111,369,196,267,105,528,195,219,125,177,104,140,80,118,81,1.449438202247191,0.597228172633015,865,979,795,396,258,2823,222,182,2419
51075400400,"Census Tract 4004, Goochland County, Virginia",1902,129,33,32,451,138,695,139,398,142,358,100,43,36,72,73,87,58,9,16,0,17,81,68,90,67,42,39,59,45,97,78,140,76,330,141,243,100,201,114,155,93,253,115,2.3485804416403786,80.2462478815791,211,369,470,444,408,1823,149,184,1490
51087200406,"Census Tract 2004.06, Henrico County, Virginia",3802,213,60,50,980,222,1280,224,642,157,900,178,51,47,52,57,50,66,86,65,71,52,137,111,68,64,205,106,88,68,198,98,367,143,621,180,434,133,399,134,462,132,513,139,2.3845344555497108,5.60059810843299,310,696,988,833,975,862,235,38,589
51087201102,"Census Tract 2011.02, Henrico County, Virginia",1733,111,66,40,684,126,466,129,341,123,242,95,91,68,125,82,142,74,47,44,30,29,83,46,92,54,71,47,203,107,168,71,306,83,225,100,106,63,8,13,36,29,0,12,2.0813618003462206,1.52646513799618,435,617,531,114,36,151,46,57,48
51041100406,"Census Tract 1004.06, Chesterfield County, Virginia",618,40,55,33,216,64,121,42,108,62,173,66,28,22,90,53,107,52,27,26,80,49,90,58,17,21,17,13,26,21,47,43,26,20,33,23,7,11,0,12,23,34,0,12,2.385113268608414,1.40504960677997,332,197,59,7,23,448,179,2,267
51041100907,"Census Tract 1009.07, Chesterfield County, Virginia",989,92,182,67,375,91,239,75,150,59,225,48,56,45,20,17,29,29,27,24,38,30,34,26,25,23,51,38,82,59,31,26,84,50,191,77,119,72,32,22,87,66,83,53,2.2275025278058647,1.92408028128172,170,223,275,151,170,2227,96,433,1698
51101950300,"Census Tract 9503, King William County, Virginia",1267,135,55,42,232,96,639,166,247,86,149,56,0,12,43,44,70,40,19,21,70,48,68,60,37,38,11,18,27,34,120,78,209,98,230,94,93,67,93,62,111,81,66,44,2.2470402525651143,9.26774440490467,202,263,439,186,177,1683,754,186,743
51570830300,"Census Tract 8303, Colonial Heights city, Virginia",979,75,27,40,268,80,318,83,161,67,232,73,77,56,0,12,38,31,0,12,33,25,66,40,79,49,17,18,56,43,62,36,92,50,136,53,152,57,49,40,83,45,39,34,2.364657814096016,1.03194956556098,148,280,228,201,122,240,20,31,189
51570830400,"Census Tract 8304, Colonial Heights city, Virginia",1070,81,147,66,341,96,339,103,135,78,255,71,97,64,28,27,127,68,78,52,112,58,45,37,91,65,37,28,41,35,66,47,82,55,95,61,88,53,49,46,34,30,0,12,2.28411214953271,0.774794020390881,442,280,177,137,34,1293,69,142,1082
51095080304,"Census Tract 803.04, James City County, Virginia",2305,117,74,76,545,143,1071,137,266,109,423,104,79,77,14,22,51,65,47,44,58,45,31,34,62,46,88,71,32,37,96,59,73,50,335,115,335,101,296,102,231,80,477,111,2.245986984815618,12.0012494320292,249,309,408,631,708,676,79,5,592
51087200126,"Census Tract 2001.26, Henrico County, Virginia",2050,139,73,58,1099,180,583,179,290,149,78,77,110,71,24,39,36,40,109,72,83,59,87,99,155,70,145,107,45,45,179,81,316,136,420,154,224,124,76,66,22,30,19,24,1.6814634146341463,0.640075099537102,362,611,736,300,41,1918,25,614,1279
51041100929,"Census Tract 1009.29, Chesterfield County, Virginia",2293,127,72,62,434,137,750,140,467,139,642,118,86,62,33,38,16,26,0,17,60,60,17,26,48,39,67,53,135,69,161,81,182,100,92,56,444,139,238,118,365,114,349,105,2.57435673789795,2.98300287037816,195,428,274,682,714,659,167,4,488
51760070400,"Census Tract 704, Richmond city, Virginia",1939,94,14,20,684,114,831,111,250,89,174,62,51,39,21,23,51,47,85,59,75,53,32,29,80,43,54,36,76,41,106,50,192,68,230,65,261,91,210,81,224,81,191,64,1.9556472408457968,3.01974337969589,283,348,422,471,415,1816,182,379,1255
51149850501,"Census Tract 8505.01, Prince George County, Virginia",2086,149,112,72,371,124,840,161,502,136,373,93,38,36,18,21,22,26,45,43,58,58,66,48,81,77,27,36,142,90,164,77,275,120,218,98,321,121,95,68,235,105,281,126,2.4204218600191756,72.4219369026733,181,480,493,416,516,1167,569,60,538
51041100923,"Census Tract 1009.23, Chesterfield County, Virginia",1054,71,13,15,234,82,402,91,322,92,96,42,14,23,15,19,34,49,19,19,11,12,48,32,52,45,67,51,90,66,86,57,209,97,165,71,161,71,42,39,17,17,24,26,2.2656546489563567,1.25621160538897,93,343,374,203,41,1406,109,266,1031
51109950100,"Census Tract 9501, Louisa County, Virginia",2736,248,84,67,614,178,1320,191,394,191,408,148,63,52,169,90,82,59,42,60,46,39,204,99,45,44,41,47,118,66,250,114,299,137,516,152,279,109,222,96,149,101,211,154,2.2178362573099415,124.781414412664,402,658,815,501,360,2403,1442,113,848
51087200903,"Census Tract 2009.03, Henrico County, Virginia",2710,163,77,55,700,167,772,202,564,220,674,219,108,110,44,67,76,46,133,111,26,30,49,40,66,50,215,153,103,61,169,99,507,174,400,183,257,128,128,65,257,127,172,78,2.4472324723247234,5.16770769308178,387,602,907,385,429,6747,661,1990,4096
51041100820,"Census Tract 1008.20, Chesterfield County, Virginia",1250,80,42,46,341,97,293,81,257,90,359,83,0,12,52,36,47,48,4,8,24,24,46,30,11,16,92,76,127,79,126,52,104,47,144,63,205,82,81,43,150,88,37,49,2.5072,3.88900272639698,127,402,248,286,187,2316,1490,70,756
51087201404,"Census Tract 2014.04, Henrico County, Virginia",1809,65,35,45,440,94,814,127,279,90,276,68,70,51,26,23,47,48,52,43,59,46,60,47,81,46,69,37,86,70,100,51,225,96,383,104,264,86,125,53,90,40,72,58,2.216141514648977,17.7342154068365,254,396,608,389,162,1678,996,12,670
51087200410,"Census Tract 2004.10, Henrico County, Virginia",2297,159,284,140,945,209,526,160,309,179,517,167,101,83,91,92,136,98,172,121,171,116,185,111,303,155,147,118,70,70,238,130,126,91,48,40,286,148,109,78,114,93,0,17,2.173269481932956,0.889480650411992,671,943,174,395,114,2114,149,642,1323
51041101008,"Census Tract 1010.08, Chesterfield County, Virginia",1657,84,10,15,207,74,483,88,386,104,581,108,28,27,9,14,10,15,0,17,50,32,8,14,8,13,0,17,31,37,32,28,143,68,142,63,362,127,144,50,304,83,386,111,2.8092939046469523,2.57394154645752,97,79,285,506,690,668,80,80,508
51087201501,"Census Tract 2015.01, Henrico County, Virginia",3723,207,382,139,1188,240,1226,255,603,199,706,202,298,179,233,148,50,46,427,197,136,115,97,70,133,91,251,150,217,113,166,91,263,99,551,185,309,126,223,135,240,111,129,100,2.2221326886919153,8.21899220407946,1144,864,814,532,369,6050,3931,603,1516
51149850302,"Census Tract 8503.02, Prince George County, Virginia",1587,90,84,47,314,91,548,104,318,100,407,95,44,33,45,36,65,44,60,43,14,14,25,38,35,41,47,31,19,22,64,45,168,65,301,90,247,83,166,75,163,63,124,57,2.5154379332073096,20.2591817561253,228,190,469,413,287,364,265,13,86
51760020800,"Census Tract 208, Richmond city, Virginia",715,79,74,45,256,73,294,63,99,36,66,27,53,30,30,29,29,29,11,14,10,12,9,12,14,16,21,25,25,18,51,36,63,40,69,44,62,27,87,34,96,40,85,32,1.965034965034965,0.303390347133325,133,120,132,149,181,113,39,20,54
51041100702,"Census Tract 1007.02, Chesterfield County, Virginia",733,52,4,5,224,69,253,65,94,41,162,55,12,13,17,16,18,14,59,39,30,24,20,16,32,24,25,27,32,20,116,59,105,51,96,36,45,24,84,43,15,16,27,22,2.2646657571623465,10.6352268717362,136,225,201,129,42,86,7,1,78
51033030500,"Census Tract 305, Caroline County, Virginia",4381,305,61,71,931,278,1705,278,850,239,895,201,110,101,63,75,113,88,217,168,94,80,17,29,382,216,243,175,217,131,424,199,537,203,745,207,406,181,407,166,84,66,322,162,2.390093585939283,93.0182538907903,597,1283,1282,813,406,1895,324,317,1254
51041100912,"Census Tract 1009.12, Chesterfield County, Virginia",2509,63,83,69,493,124,849,171,519,167,648,130,94,69,61,47,39,53,14,22,156,100,29,27,53,51,88,62,22,34,150,98,217,114,287,130,477,159,307,136,307,163,208,109,2.5269031486648066,4.07147471538584,364,342,504,784,515,1776,554,69,1153
51053840500,"Census Tract 8405, Dinwiddie County, Virginia",1353,115,135,112,373,83,403,89,297,126,280,102,87,62,111,79,67,63,20,22,76,80,86,65,27,26,106,100,41,25,132,74,167,96,172,69,86,51,102,67,70,49,3,5,2.3577235772357725,26.7917542332683,361,392,339,188,73,1404,600,107,697
51670820600,"Census Tract 8206, Hopewell city, Virginia",2122,227,331,148,555,186,776,231,363,157,428,136,289,146,184,105,361,188,39,47,100,75,133,103,94,72,158,106,73,78,140,104,140,100,132,85,228,174,0,17,0,17,51,52,2.312912346842601,1.93779500448756,973,598,272,228,51,1593,13,574,1006
51087200904,"Census Tract 2009.04, Henrico County, Virginia",2582,141,184,126,755,156,971,194,528,190,328,155,104,62,23,28,28,35,36,33,210,107,122,99,153,97,54,67,30,34,106,77,307,123,474,186,332,128,338,169,93,78,172,82,2.1661502711076683,5.91252797897739,401,465,781,670,265,2716,1426,251,1039
51075400100,"Census Tract 4001, Goochland County, Virginia",3203,198,106,68,713,182,1693,191,385,112,412,82,176,101,36,38,45,57,78,78,139,77,17,28,38,44,41,37,92,89,110,76,264,108,334,125,381,139,320,104,267,122,865,168,2.1548548236028724,45.0958277743113,474,298,598,701,1132,16611,1690,325,14596
51041100814,"Census Tract 1008.14, Chesterfield County, Virginia",1283,73,25,34,262,71,382,94,275,108,364,101,19,32,34,32,34,23,18,20,30,24,72,50,37,49,52,32,100,76,125,75,158,74,240,89,218,87,88,77,40,35,18,19,2.57755261106781,2.25783508836489,135,386,398,306,58,358,51,18,289
51041100915,"Census Tract 1009.15, Chesterfield County, Virginia",1785,69,8,13,691,115,656,116,241,84,197,48,96,66,15,18,60,29,23,21,68,47,88,50,76,47,170,80,81,54,296,104,225,79,137,57,240,78,105,59,98,57,7,12,1.968627450980392,1.95777670570242,262,711,362,345,105,3567,268,1483,1816
51087200501,"Census Tract 2005.01, Henrico County, Virginia",745,81,24,24,216,59,200,61,109,50,220,49,29,27,49,29,36,22,31,17,31,22,63,36,49,37,48,31,45,30,54,29,98,55,93,45,57,28,44,29,13,9,5,7,2.4469798657718123,1.09575348108607,176,259,191,101,18,7108,373,479,6256
51036600200,"Census Tract 6002, Charles City County, Virginia",896,40,45,21,227,34,359,37,148,29,162,24,68,19,24,12,37,12,58,18,32,12,39,15,25,10,57,18,32,13,110,25,82,19,151,30,91,21,37,12,35,14,18,10,2.2734375,43.8483583918271,219,263,233,128,53,278,182,7,89
51183870300,"Census Tract 8703, Sussex County, Virginia",1064,106,84,45,302,75,354,76,137,59,271,86,51,31,34,28,89,47,81,44,43,32,80,42,34,25,33,24,56,39,107,67,112,56,125,76,120,54,59,41,28,26,12,12,2.3543233082706765,46.864556318911,298,310,237,179,40,1227,248,79,900
51183870400,"Census Tract 8704, Sussex County, Virginia",751,64,77,37,267,51,203,59,150,52,131,43,74,38,35,19,73,37,42,26,37,17,50,29,56,33,0,12,46,27,64,30,75,39,93,47,60,34,38,19,1,2,7,9,2.193075898801598,29.093305679876,261,216,168,98,8,767,185,143,439
51025930100,"Census Tract 9301, Brunswick County, Virginia",1444,130,197,88,583,110,463,111,170,70,228,93,115,58,126,54,114,66,51,52,40,32,63,47,91,55,113,68,34,26,167,80,120,62,217,71,60,39,113,71,9,12,11,15,2.0297783933518008,203.306185459204,446,468,337,173,20,496,113,52,331
51109950500,"Census Tract 9505, Louisa County, Virginia",2388,181,111,74,755,195,857,166,388,154,388,101,93,64,256,131,171,131,36,35,44,38,184,99,87,64,103,68,37,45,151,94,367,154,330,119,217,106,109,76,117,72,86,76,2.1712730318257956,85.6278720463685,600,562,697,326,203,478,256,53,169
51730811200,"Census Tract 8112, Petersburg city, Virginia",1559,155,128,84,610,144,400,107,223,93,326,122,118,73,78,63,100,75,184,86,43,43,132,87,68,54,87,58,87,50,72,60,155,76,202,117,107,74,65,49,48,48,13,20,2.1699807568954457,5.91731142107576,523,446,357,172,61,4467,1207,189,3071
51149850502,"Census Tract 8505.02, Prince George County, Virginia",1791,132,39,32,412,121,577,111,498,143,304,62,49,38,27,30,55,55,55,36,89,72,40,29,84,52,93,54,75,49,211,111,117,49,291,112,179,69,233,73,160,53,33,24,2.38749302065885,27.0512663098777,275,503,408,412,193,2872,1956,138,778
51760070900,"Census Tract 709, Richmond city, Virginia",2607,195,288,110,900,243,793,199,457,199,457,128,235,152,349,200,201,116,176,108,84,61,104,83,258,142,157,123,192,115,154,93,294,181,206,125,143,90,40,59,0,17,14,21,2.180667433831991,3.15996587475253,1045,865,500,183,14,6874,1836,62,4976
51730810900,"Census Tract 8109, Petersburg city, Virginia",1291,108,126,90,319,102,539,125,311,151,122,72,101,84,29,28,81,61,108,79,137,73,72,51,64,38,14,16,56,41,17,20,149,74,191,119,199,114,21,32,34,31,18,22,2.18280402788536,1.13144279930141,456,223,340,220,52,640,7,108,525
51760060700,"Census Tract 607, Richmond city, Virginia",1975,131,579,147,677,142,466,134,514,147,318,132,440,140,203,95,138,72,96,81,94,79,93,64,107,62,175,85,52,54,147,91,296,113,89,47,21,27,17,25,7,11,0,17,2.239493670886076,3.02509720404223,971,574,385,38,7,2520,2020,153,347
51041100806,"Census Tract 1008.06, Chesterfield County, Virginia",1337,102,89,74,291,113,398,96,221,82,427,108,96,72,30,42,121,72,57,56,129,82,86,67,37,28,81,64,84,67,191,105,115,56,154,82,24,24,87,54,11,17,34,37,2.586387434554974,0.848877438263736,433,479,269,111,45,1383,3,201,1179
51041100936,"Census Tract 1009.36, Chesterfield County, Virginia",1317,56,25,37,139,56,600,76,169,60,409,67,25,37,17,19,8,14,15,18,0,12,11,16,29,26,9,13,8,14,26,28,70,44,152,46,182,59,143,54,229,62,393,83,2.6438876233864845,2.60316969583959,65,83,222,325,622,657,62,3,592
51570830100,"Census Tract 8301, Colonial Heights city, Virginia",1798,80,35,27,380,67,682,96,389,96,347,84,36,29,40,32,32,29,67,38,42,33,32,27,85,50,120,55,35,25,76,43,242,85,311,83,211,73,133,53,159,67,177,68,2.3909899888765294,3.69569221183569,217,348,553,344,336,5436,347,2435,2654
51087200119,"Census Tract 2001.19, Henrico County, Virginia",3809,165,48,43,788,193,1184,212,787,193,1050,150,74,57,21,24,134,88,34,53,27,31,135,101,109,70,99,87,130,91,196,107,257,140,706,191,388,155,252,127,463,175,784,155,2.55106327119979,5.064212217044,290,669,963,640,1247,35931,2797,2172,30962
51147930100,"Census Tract 9301, Prince Edward County, Virginia",2475,280,284,125,743,184,817,182,467,186,448,159,216,111,137,89,295,150,150,102,55,41,31,39,216,110,174,110,126,107,216,104,217,121,261,135,156,89,110,71,37,37,78,62,2.2505050505050503,74.2775487384382,853,763,478,266,115,3410,388,446,2576
51085320803,"Census Tract 3208.03, Hanover County, Virginia",2149,88,10,15,274,98,637,102,423,103,815,120,33,27,21,22,22,24,39,37,56,42,27,25,10,15,23,31,25,40,17,20,195,82,215,88,335,98,288,101,464,85,379,98,2.827826896230805,3.35953210943121,171,102,410,623,843,1453,111,348,994
51760020200,"Census Tract 202, Richmond city, Virginia",1471,115,822,145,500,146,453,139,142,69,376,88,494,135,258,107,149,85,111,78,92,69,36,30,68,50,36,45,44,43,44,37,73,51,10,15,30,28,26,41,0,12,0,12,2.2678450033990485,0.387190821673408,1104,228,83,56,0,68,0,15,53
51135000200,"Census Tract 2, Nottoway County, Virginia",1107,135,38,58,317,94,416,90,151,79,223,73,165,96,34,33,25,25,32,28,50,34,91,62,35,28,99,59,114,80,23,32,160,56,115,59,92,54,29,27,43,41,0,12,2.2529358626919604,105.150214057065,306,362,275,121,43,689,99,0,590
51087200503,"Census Tract 2005.03, Henrico County, Virginia",1624,57,171,87,448,104,549,124,322,120,305,95,8,14,105,78,88,64,41,34,36,24,77,52,87,52,55,30,91,71,109,51,86,44,335,100,213,89,112,58,123,67,58,60,2.2980295566502464,2.28479970310558,278,419,421,325,181,6921,3351,537,3033
51087201502,"Census Tract 2015.02, Henrico County, Virginia",1840,139,38,25,333,108,679,124,350,112,478,126,39,31,71,50,37,51,73,49,25,23,26,26,28,40,75,45,49,33,181,84,144,88,241,96,399,89,276,100,83,40,93,48,2.528804347826087,13.9542594408404,245,359,385,675,176,1241,986,66,189
51760050200,"Census Tract 502, Richmond city, Virginia",1459,83,43,28,543,91,508,82,217,66,191,53,4,6,34,31,42,35,34,33,20,23,19,22,31,28,36,33,27,24,60,39,153,57,194,83,188,62,127,52,280,71,210,65,2.0383824537354354,0.655463467575944,134,173,347,315,490,1439,158,171,1110
51075400500,"Census Tract 4005, Goochland County, Virginia",1592,124,17,17,442,122,499,99,342,99,309,65,70,53,173,91,37,32,73,63,12,21,54,40,0,12,93,58,48,45,78,42,245,104,232,76,163,84,177,74,80,44,57,50,2.3253768844221105,105.039809001164,365,273,477,340,137,113,62,25,26
51041100816,"Census Tract 1008.16, Chesterfield County, Virginia",1737,48,11,18,310,94,562,115,466,120,399,101,47,48,45,37,12,19,12,20,66,40,58,41,75,60,113,56,57,54,241,83,300,105,248,80,211,80,72,43,128,64,52,59,2.5492227979274613,1.68051495469941,182,544,548,283,180,63,25,0,38
51760011100,"Census Tract 111, Richmond city, Virginia",1022,115,129,65,413,89,400,82,123,65,86,46,101,45,46,31,83,48,38,42,59,51,90,53,41,30,40,35,52,29,69,34,50,37,146,66,72,59,90,45,26,23,19,20,1.8845401174168297,0.945068357476957,327,292,196,162,45,3088,1006,220,1862
51041100600,"Census Tract 1006, Chesterfield County, Virginia",462,59,42,32,144,48,197,58,58,35,63,39,22,15,44,29,6,10,27,18,13,13,17,15,63,46,15,14,17,14,64,37,41,30,64,37,23,23,35,31,11,11,0,12,2.0865800865800868,1.28288785395179,112,176,105,58,11,364,2,10,352
51041100403,"Census Tract 1004.03, Chesterfield County, Virginia",2601,214,175,100,794,167,816,152,370,160,621,126,59,54,65,82,72,54,0,17,92,53,195,135,73,63,161,108,65,51,167,85,408,154,422,158,196,106,113,62,225,125,288,107,2.314494425221069,27.5160934604123,288,661,830,309,513,17037,11834,310,4893
51760071001,"Census Tract 710.01, Richmond city, Virginia",2078,204,424,177,1012,222,633,202,101,95,332,123,297,139,224,150,158,87,128,72,39,43,110,77,207,134,135,106,162,108,75,71,266,151,199,132,54,52,0,17,24,30,0,17,1.881135707410972,1.05488183940498,846,689,465,54,24,5440,180,73,5187
51760041300,"Census Tract 413, Richmond city, Virginia",1214,103,196,75,614,136,283,80,172,62,145,63,180,78,151,73,113,56,20,18,32,39,83,60,62,52,25,24,70,61,74,45,114,49,151,73,92,50,39,28,0,12,8,15,1.8747940691927512,1.23954246652733,496,314,265,131,8,2661,303,12,2346
51760010900,"Census Tract 109, Richmond city, Virginia",1090,112,293,106,442,115,329,111,143,82,176,70,77,54,130,72,92,55,77,59,104,67,73,55,101,50,81,56,0,12,38,27,176,76,101,52,24,25,16,22,0,12,0,12,2.048623853211009,0.728243837968422,480,293,277,40,0,836,590,84,162
51053840300,"Census Tract 8403, Dinwiddie County, Virginia",2436,190,65,78,662,186,800,168,428,169,546,166,195,109,64,70,51,48,18,30,93,86,220,132,108,106,74,87,232,143,284,121,206,107,354,135,238,136,62,72,118,101,119,122,2.352216748768473,6.76051573542316,421,918,560,300,237,2038,1198,240,600
51087201601,"Census Tract 2016.01, Henrico County, Virginia",1259,99,65,58,275,94,578,125,165,65,241,64,78,59,32,28,22,25,31,31,20,22,42,30,63,67,31,29,95,61,33,31,147,69,196,75,108,42,136,48,143,62,82,60,2.295472597299444,37.5340073942198,183,264,343,244,225,127,45,31,51
51760060500,"Census Tract 605, Richmond city, Virginia",2826,195,238,141,1242,201,988,200,229,137,367,115,344,192,121,97,156,86,189,131,95,92,181,114,27,40,118,90,158,79,263,126,165,97,270,118,177,94,197,90,171,97,194,92,1.9012738853503184,1.65935669888258,905,747,435,374,365,441,40,2,399
51041100921,"Census Tract 1009.21, Chesterfield County, Virginia",2686,82,45,43,963,178,530,119,484,179,709,124,49,46,0,17,97,67,69,72,198,117,49,48,126,68,166,124,90,60,233,137,283,120,446,153,327,120,336,132,86,58,131,72,2.349590469099032,1.44595247732662,413,664,729,663,217,463,33,20,410
51670820400,"Census Tract 8204, Hopewell city, Virginia",2517,195,0,17,722,192,647,161,569,215,579,144,161,91,126,128,167,112,180,114,189,103,36,44,193,100,148,109,23,24,164,94,185,113,293,131,305,141,75,90,148,75,124,87,2.399284862932062,2.77413631440486,823,564,478,380,272,62,7,0,55
51085321401,"Census Tract 3214.01, Hanover County, Virginia",848,44,19,13,134,48,315,51,151,51,248,50,24,24,5,8,11,12,13,14,12,12,8,9,17,11,15,14,30,28,46,32,64,27,140,43,127,50,68,27,103,36,165,53,2.604952830188679,22.0797101669014,65,116,204,195,268,222,95,3,124
51075400300,"Census Tract 4003, Goochland County, Virginia",42,16,5,7,27,15,10,10,0,12,5,8,8,8,4,6,0,12,7,11,4,6,0,12,0,12,0,12,0,12,5,8,9,9,0,12,0,12,0,12,5,8,0,12,1.5952380952380953,3.20387964628567,23,5,9,0,5,536,3,0,533
51087201602,"Census Tract 2016.02, Henrico County, Virginia",2147,121,0,17,582,164,895,156,213,113,457,136,46,45,46,68,7,11,59,45,63,63,46,34,88,59,72,75,83,62,80,75,174,93,366,123,361,137,237,116,125,73,294,110,2.2538425710293435,29.4312416472942,221,369,540,598,419,794,168,126,500
